
DELETE FROM order_record;
DELETE FROM deliverer;
DELETE FROM parent;
DELETE FROM kid;

INSERT INTO deliverer (id, name, email, phone_number, is_active) VALUES
('b12e9c2c-4fbe-4129-a804-c10e29af9fcd','Albertha Emmerich','Shannon.Kris@hotmail.com','064-025-0829',true),
('fdae83d3-2a91-4514-8385-daf905658a61','Justus Schoen','Madge.Considine@yahoo.com','453-693-7838',false),
('6b6c9446-4ccc-4b75-bfd4-1f403783ba6d','Ana Kuphal','Jolie.Howe@hotmail.com','613-301-2073',true),
('06c42f5d-8081-45e0-ac52-2648804a61a9','Gregory Prohaska','Hoppe.Taylor@Juwan.info','650-919-9926',true),
('28236ddf-84a0-4d9a-a838-862b42e583a0','Jaren Tromp','Rath_Leanna@yahoo.com','080-758-7866',false),
('31acd103-24a7-410f-a596-08a6371634a3','Korbin Kemmer','Vanessa.Balistreri@Daniel.io','571-673-7792',true),
('cc6d5f4c-0547-46ab-b071-2b436aec1ab1','Verna Kemmer','Derick.Jerde@yahoo.com','652-420-7789',true),
('03dbce1d-de00-4072-ab81-284d593e2256','Odie Deckow','Jast_Reina@yahoo.com','827-141-4473',true),
('95db0aeb-2b61-4198-b37c-feaa2686d54d','Reid Stamm','Torrey.Howell@yahoo.com','300-810-7763',false),
('feb62335-c2a7-40d8-9f03-a73f2a18ced9','Dakota Lemke','August.Padberg@Ruecker.tv','147-137-4749',false),
('7036767a-79aa-44df-82fb-1bb1c0422988','Kris Johnson','Barton_Schmeler@Wilkinson.name','137-935-1825',true),
('0ad1a200-d971-4a7f-9ad7-10d399c53abb','Aida Gaylord','Gina.Goodwin@yahoo.com','441-355-4266',true),
('5617ca96-89f7-4cd0-b0c0-a119a3fd0a99','Deron Brekke','Ziemann_Quentin@Gaylord.biz','314-373-2962',false),
('3f833616-a970-40b6-8eab-da76b457d199','Wendy Witting','Carlos.Kerluke@Noemy.com','698-669-1622',true),
('7f353457-e79e-4e5e-acff-f9e65c4546dd','Henderson Klocko','Blaise_Stanton@gmail.com','950-666-9893',true),
('5fee1c28-d0ce-4230-98d5-91c99b995edc','Eldora Boyle','Ignacio_Zulauf@hotmail.com','803-783-8589',true),
('b2d49545-d7b7-49c2-8205-81ecc6f6f09a','Major Gerhold','Jast_Nathanael@Ondricka.org','810-048-8408',false),
('7e8078ac-a86e-43bb-8483-6518c4b5f25f','Eileen Grant','Stoltenberg.Alexis@yahoo.com','508-090-1932',true),
('e827ce97-e9f8-447e-abdc-92f47b03e9e1','Kallie Feeney','Alek.Erdman@yahoo.com','990-641-9442',true),
('189f46f8-38db-4ee0-b38c-6c9948aa9c3d','Paris Hegmann','Johns.Roberta@Kerluke.net','868-887-3272',false);

INSERT INTO parent (id, first_name, last_name, address, city, zip, phone_number, country_of_origin, rough_family_income, is_active, deliverer_id) VALUES
('5f08fee2-5685-4f1d-a64b-2540f0af1062','Emilia','Pacocha','560 Kuhlman Tunnel Suite 489','East Edwardo','21529','711-738-6416','Papua New Guinea',10000,true,'6b6c9446-4ccc-4b75-bfd4-1f403783ba6d'),
('aa29ca33-50ec-411a-8251-4662b8dd08d4','Schuyler','Willms','686 Tracey Views','South Alba','15936','616-433-1980','Swaziland',35000,true,'b12e9c2c-4fbe-4129-a804-c10e29af9fcd'),
('dc2b4431-0e22-48ff-8ea8-57c3fdf84a61','Robbie','Kautzer','5537 Ankunding Drive Apt. 916','New Allen','45181','203-150-3863','Antarctica (the territory South of 60 deg S)',5000,false,'06c42f5d-8081-45e0-ac52-2648804a61a9'),
('1052448d-0d3c-4754-b5aa-7fb0ac6cc041','Leonardo','Spencer','58 Norberto Alley Apt. 629','Simoniston','65211-3769','604-234-7307','Tonga',15000,false,'31acd103-24a7-410f-a596-08a6371634a3'),
('d8539016-22a6-4c2a-bc3a-71173f2527a0','Torey','Bayer','1656 Stokes Lane','Cicerofurt','13819','834-539-3788','Jordan',50000,true,'b12e9c2c-4fbe-4129-a804-c10e29af9fcd'),
('bc747863-a66f-4107-8abf-11435773a0dc','Janis','Okuneva','6617 Kaleigh Shores Apt. 522','Giovannibury','15948-9037','189-422-0073','Mali',15000,true,'5fee1c28-d0ce-4230-98d5-91c99b995edc'),
('58991ec7-270b-4f9f-ae87-1ed3c7df583d','Foster','Heaney','25 Wilderman Coves','Port Audreyhaven','80353-3715','669-674-1760','Vanuatu',35000,true,'e827ce97-e9f8-447e-abdc-92f47b03e9e1'),
('fdbcb1d1-20e0-4544-9748-913ceb62b5b9','Marty','Bartoletti','559 Layla Prairie Apt. 519','Hilllmouth','75156-6638','021-535-0737','Chad',40000,true,'cc6d5f4c-0547-46ab-b071-2b436aec1ab1'),
('b2ee934d-05f6-478e-b9c5-6af85e81919a','Manuela','Schmidt','696 Klocko Oval','East Freddy','04404-7663','321-902-6214','Antigua and Barbuda',45000,true,'5fee1c28-d0ce-4230-98d5-91c99b995edc'),
('7dbfdbd1-eb40-4112-9a16-cc69acc30629','Cesar','Reichert','720 Wiegand Extension','South Elta','75859-2351','472-324-3972','Swaziland',45000,true,'06c42f5d-8081-45e0-ac52-2648804a61a9'),
('2a99461d-ed71-414c-9dc4-5af80baeed6e','Luisa','Murphy','145 Schneider Grove Suite 837','Ransomville','21252','681-624-8844','Hong Kong',5000,true,'e827ce97-e9f8-447e-abdc-92f47b03e9e1'),
('1078d296-2844-49a3-8374-54b1135a1627','Kian','Miller','4031 Gusikowski Rue','North Ellisland','76092','039-996-2970','Monaco',15000,false,'7e8078ac-a86e-43bb-8483-6518c4b5f25f'),
('ef3beff2-b1e9-41a3-81a8-a39fa8e73004','Ole','Kulas','365 Schaefer Ridges Suite 249','Wymanhaven','77492-3208','612-788-3941','United States Minor Outlying Islands',35000,false,'3f833616-a970-40b6-8eab-da76b457d199'),
('d8fd6649-4437-4d15-8794-27e52ed805a9','Angeline','Lowe','684 Kelvin Fork Suite 756','East Myrtlefurt','57334-4239','395-134-5138','Tajikistan',45000,true,'31acd103-24a7-410f-a596-08a6371634a3'),
('c39640b1-74ae-42f9-b0e5-6d251c5a57f6','Florencio','Yost','365 Octavia Trail','East Eula','56116-6943','720-205-4996','Saudi Arabia',25000,true,'6b6c9446-4ccc-4b75-bfd4-1f403783ba6d'),
('30ddff3a-d440-4e7f-a623-128ab82d8583','Eleonore','Doyle','74 Frami Alley','West Kaitlin','64695-4224','101-619-8074','Kazakhstan',50000,true,'3f833616-a970-40b6-8eab-da76b457d199'),
('77480d6a-888c-46ba-b913-0cc36c944f24','Serenity','Durgan','368 Jewess Burg','Port Keanu','41310-5440','564-321-3314','Korea',40000,true,'e827ce97-e9f8-447e-abdc-92f47b03e9e1'),
('97e96630-b1b2-4042-9d26-d5bddfa99b1e','Dayana','Friesen','4121 King Circle','Port Alison','27568','910-463-8701','Lebanon',30000,true,'7f353457-e79e-4e5e-acff-f9e65c4546dd'),
('af7bcd3a-43bb-4a79-9ec5-041208f77213','Ed','Turner','70 Hyatt Lights Suite 617','East Nigelburgh','97823','630-459-6080','Guatemala',20000,true,'e827ce97-e9f8-447e-abdc-92f47b03e9e1'),
('04dff514-431c-4061-8034-9e452fedb2cf','Anais','Langosh','995 Rath Estates','Katherineshire','05810-0843','154-934-5538','Brunei Darussalam',30000,true,'7036767a-79aa-44df-82fb-1bb1c0422988'),
('bf19582b-c06b-4919-8b2b-b955fc1325e9','Kadin','Kuphal','782 Hamill Forest Suite 536','Moenland','76821','076-710-7628','United Kingdom',5000,true,'7f353457-e79e-4e5e-acff-f9e65c4546dd'),
('0619e2aa-b3d0-4081-9c3e-80f4cde1f81c','Van','Pagac','6927 Aufderhar Island Suite 910','Baronhaven','83935','028-508-7425','Vietnam',0,true,'0ad1a200-d971-4a7f-9ad7-10d399c53abb'),
('9f2612a5-7888-4929-b5b6-5597037ae0f1','Janis','Pagac','071 Lindsey Springs Apt. 460','East Keiraborough','23938-2869','476-347-5761','Niue',45000,false,'7036767a-79aa-44df-82fb-1bb1c0422988'),
('dce65d63-4fed-4cd2-9f11-73620e86a111','Gunner','Mitchell','90 Orn Union','New Bethanytown','48440','454-169-6566','Cuba',5000,false,'b12e9c2c-4fbe-4129-a804-c10e29af9fcd'),
('c8dd71c1-a054-4470-8e26-8949dee92aa7','Baron','Herzog','008 Gussie Roads','Mariannaborough','11699-8166','335-682-5224','Bulgaria',30000,true,'3f833616-a970-40b6-8eab-da76b457d199'),
('5da46732-4f58-436b-ac19-cf34fe05f831','Flossie','Hickle','83 Harber Islands','West Everardohaven','78130-8816','594-401-3138','Morocco',5000,true,'6b6c9446-4ccc-4b75-bfd4-1f403783ba6d'),
('0c4a0ccf-f988-4588-85a6-991fdea10567','Rigoberto','Leannon','9051 Botsford Corner Apt. 272','Lake Marjorystad','80829-1818','522-836-4818','Maldives',40000,true,'06c42f5d-8081-45e0-ac52-2648804a61a9'),
('e68bcb34-e115-4e2d-80d9-6480cc00442e','Dallas','Rutherford','768 Abshire Trafficway Suite 550','Elnashire','75727-3241','567-748-5274','Saint Barthelemy',5000,true,'cc6d5f4c-0547-46ab-b071-2b436aec1ab1'),
('bc83d023-4eb1-4064-a3ef-082fdc74e5ed','Oliver','Welch','163 Bode River','South Icie','10741-0276','877-458-8924','Bangladesh',20000,true,'5fee1c28-d0ce-4230-98d5-91c99b995edc'),
('21168ff9-71c0-4f87-af65-2ff39685f8d9','Jennings','Turcotte','90 Edmond Points Suite 343','Wademouth','20026','057-073-4214','Gabon',20000,true,'7e8078ac-a86e-43bb-8483-6518c4b5f25f'),
('ad70b4ec-aaba-4e34-8b6e-f0cba7548cd9','Cecil','Kuhlman','118 Andre Ports','Brandyside','38104','517-962-8761','Marshall Islands',45000,true,'6b6c9446-4ccc-4b75-bfd4-1f403783ba6d'),
('743d6c15-1bff-40c9-9f98-94c69182bc9c','Eleonore','Bruen','924 Torphy Brooks Apt. 845','Wardport','61864-7688','071-458-7661','Gambia',25000,true,'3f833616-a970-40b6-8eab-da76b457d199'),
('9d567e9a-92ae-48da-8526-00e45cae84f1','Marjolaine','Kilback','23 Wilkinson Shores Apt. 326','Hagenesburgh','67436-1199','893-849-6732','Saint Helena',30000,true,'0ad1a200-d971-4a7f-9ad7-10d399c53abb'),
('bce18bcc-c866-482c-8b58-1de6d3dbe1a1','Josiah','Anderson','266 Treutel Keys Apt. 460','South Haydenborough','72913','257-230-8307','Dominican Republic',40000,true,'5fee1c28-d0ce-4230-98d5-91c99b995edc'),
('2b32d9b9-248a-4795-a2d8-80d522c471d0','Emelia','Blick','988 Zulauf Junctions','Rossfort','45210-2349','637-467-2633','Georgia',45000,true,'b12e9c2c-4fbe-4129-a804-c10e29af9fcd'),
('0e92907c-00be-4b2d-9d25-cf77f81f8abc','William','Bayer','4725 Mante Street','Port Tre','92001','789-244-7271','Guyana',40000,false,'31acd103-24a7-410f-a596-08a6371634a3'),
('f333ecc7-5456-41e0-a914-77518764a4f9','Lavonne','Huels','087 Waelchi Glens Suite 328','New Retha','78319','143-350-4330','El Salvador',5000,true,'7036767a-79aa-44df-82fb-1bb1c0422988'),
('9dcc9adf-41b4-4d66-8881-6874d9020858','Marjolaine','Romaguera','14 Gottlieb Spring','Lake Hortense','77201-4041','054-140-9271','Timor-Leste',45000,true,'7e8078ac-a86e-43bb-8483-6518c4b5f25f'),
('832cc123-76d0-4406-b671-0939b28e970a','Adriel','Dickinson','504 VonRueden Walks','West Murl','66245-7921','196-650-2222','Papua New Guinea',45000,true,'31acd103-24a7-410f-a596-08a6371634a3'),
('6d8a364d-7a7b-4bd9-a2cb-ff6cac9d50b9','Esperanza','Heller','2744 Lesch Island','Casperville','21302','480-315-8523','Netherlands Antilles',25000,true,'e827ce97-e9f8-447e-abdc-92f47b03e9e1'),
('308a7c23-1e34-481f-a5fa-d7c54d6f55dc','Gretchen','Konopelski','58 Lera Path Apt. 496','Lake Edwinchester','07810-8030','739-333-9172','Montserrat',25000,false,'0ad1a200-d971-4a7f-9ad7-10d399c53abb'),
('f3970038-d1a1-4d59-951d-429397f3fd6d','Noble','Sawayn','523 Cameron Prairie Suite 295','Port Franz','19426-6270','091-095-0237','United States Minor Outlying Islands',10000,false,'e827ce97-e9f8-447e-abdc-92f47b03e9e1'),
('748854c4-c4ac-4b3a-ae16-ede70e4931f4','Maurice','Raynor','635 Sheila River','Amyfort','90859-3858','892-923-9474','Jamaica',45000,true,'cc6d5f4c-0547-46ab-b071-2b436aec1ab1'),
('bc263ae2-245f-4f5e-aadb-e0b1b7213348','Lee','Lang','054 Robel Ramp Apt. 237','Lake Alisaside','70264','745-704-3685','Greenland',50000,true,'3f833616-a970-40b6-8eab-da76b457d199'),
('61cc6dd0-3587-4b4a-b4c5-c9d6aa934be0','Emmet','Zieme','635 Howell Junctions','New Ruth','31155','056-932-6140','Antigua and Barbuda',15000,false,'6b6c9446-4ccc-4b75-bfd4-1f403783ba6d'),
('7bbd5597-b574-42ea-9d19-766d31c99b0d','Adah','Stracke','832 Mohr Corners','Kraigland','12849','102-434-2953','Chile',25000,true,'03dbce1d-de00-4072-ab81-284d593e2256'),
('d9e7ff96-afc2-45cc-b17e-35e81b25fa81','Marcelino','Kiehn','59 Beatty Falls','North Louiestad','36247-0802','973-662-5128','Guatemala',30000,false,'0ad1a200-d971-4a7f-9ad7-10d399c53abb'),
('8b161349-c3d7-441e-8c92-e345eb4e8a4b','Winona','Volkman','00 Gonzalo Orchard Suite 264','Lake Orionchester','18165','693-161-7715','Samoa',0,true,'7e8078ac-a86e-43bb-8483-6518c4b5f25f'),
('b8b83319-cd3e-4d2a-b4db-bd2532f27b10','Hilbert','Lubowitz','3242 Marks Landing','South Riley','35566','775-096-3813','Anguilla',35000,true,'cc6d5f4c-0547-46ab-b071-2b436aec1ab1'),
('3cef7219-d507-4b04-8597-7c62d209107a','Garry','Daniel','2511 Logan Route','West Nettie','00546','791-791-6502','Saint Vincent and the Grenadines',0,true,'7f353457-e79e-4e5e-acff-f9e65c4546dd');

INSERT INTO kid (id, parent_id, first_name, last_name, gender, birth_date, diaper_size, is_active) VALUES
('c52ea496-7522-4853-8bfe-b8782df14a9d','5f08fee2-5685-4f1d-a64b-2540f0af1062','Catharine','Pacocha','F','2022-12-09T23:09:40.619Z','4',true),
('1db32f1e-cb47-4904-87af-587fc9143006','5f08fee2-5685-4f1d-a64b-2540f0af1062','Sonya','Pacocha','M','2023-06-05T14:17:02.917Z','2',true),
('f6ec579a-7327-448b-8fec-8c62ddc4187d','5f08fee2-5685-4f1d-a64b-2540f0af1062','Hershel','Pacocha','M','2022-12-29T22:08:58.653Z','6',true),
('b835d415-ac38-430f-8752-6c4786af01e2','aa29ca33-50ec-411a-8251-4662b8dd08d4','Antonetta','Willms','F','2023-02-28T20:20:15.091Z','6',true),
('61b751b5-7a43-4eca-9a5c-b6ce993aecae','aa29ca33-50ec-411a-8251-4662b8dd08d4','Sandrine','Willms','M','2021-09-27T16:20:45.494Z','1',true),
('0d833e9a-0f06-414e-a5d3-323a3fda081c','aa29ca33-50ec-411a-8251-4662b8dd08d4','Nicholaus','Willms','F','2023-11-24T19:34:29.697Z','4',false),
('c1130dd5-61ed-42c9-9800-b6d740b26bf4','aa29ca33-50ec-411a-8251-4662b8dd08d4','Holden','Willms','F','2022-08-22T14:59:57.749Z','1',true),
('aa3cef43-554d-47cd-857a-f80f0f713ecc','dc2b4431-0e22-48ff-8ea8-57c3fdf84a61','Name','Kautzer','F','2023-02-19T18:05:06.031Z','7',true),
('4033206b-25d9-4d70-8889-f645b7cc8493','dc2b4431-0e22-48ff-8ea8-57c3fdf84a61','Sierra','Kautzer','M','2023-04-27T07:29:12.874Z','4',true),
('46aa3c55-32e6-4ffb-b393-75203b494400','dc2b4431-0e22-48ff-8ea8-57c3fdf84a61','Phoebe','Kautzer','M','2022-11-06T15:02:15.652Z','5',true),
('1a43e0ce-4041-4da5-8655-5e8c892b9c49','dc2b4431-0e22-48ff-8ea8-57c3fdf84a61','Ben','Kautzer','M','2021-09-06T22:51:23.134Z','7',true),
('ff184185-0d5c-4b2f-b90a-66fd5ab76399','1052448d-0d3c-4754-b5aa-7fb0ac6cc041','Maryam','Spencer','M','2022-02-26T22:33:19.782Z','N',true),
('fcefe35e-a230-448a-ac20-0cf56f472145','1052448d-0d3c-4754-b5aa-7fb0ac6cc041','Kip','Spencer','F','2023-01-21T19:36:42.836Z','1',true),
('1ed9f638-650d-426e-9aaf-f5d1e6dd80b6','d8539016-22a6-4c2a-bc3a-71173f2527a0','Hulda','Bayer','F','2023-07-22T11:43:58.152Z','N',true),
('93576f88-4e01-4882-8d71-0c3ffad8137a','d8539016-22a6-4c2a-bc3a-71173f2527a0','Virgie','Bayer','M','2023-06-17T17:03:30.676Z','3',true),
('76997eb3-f98d-41fb-9521-bd037f4e2267','d8539016-22a6-4c2a-bc3a-71173f2527a0','Rodger','Bayer','M','2021-10-02T21:18:03.338Z','5',true),
('8cced068-2baa-4421-a83b-bd32c4e066a8','d8539016-22a6-4c2a-bc3a-71173f2527a0','Antwan','Bayer','M','2022-05-13T05:02:32.786Z','2',true),
('5045b6ac-196c-4fea-b857-f9236ae4b429','bc747863-a66f-4107-8abf-11435773a0dc','Dudley','Okuneva','M','2022-12-19T06:58:32.174Z','2',true),
('05380b00-115d-4811-9492-bb889874a184','bc747863-a66f-4107-8abf-11435773a0dc','Orlo','Okuneva','F','2022-11-08T19:50:30.530Z','3',true),
('ce650571-c5a7-497f-aaf2-773069ba6d74','bc747863-a66f-4107-8abf-11435773a0dc','Grant','Okuneva','F','2022-07-18T16:23:43.825Z','2',true),
('363c7d6a-3b0f-41e4-88fd-47a89e380f78','58991ec7-270b-4f9f-ae87-1ed3c7df583d','Elizabeth','Heaney','F','2023-07-12T20:36:28.305Z','2',true),
('0e24e74d-de69-4133-8699-b4247ee9f465','fdbcb1d1-20e0-4544-9748-913ceb62b5b9','Prudence','Bartoletti','M','2023-11-17T00:48:01.617Z','3',true),
('d2357f53-1c57-4795-a447-428abbb25e01','fdbcb1d1-20e0-4544-9748-913ceb62b5b9','Lysanne','Bartoletti','M','2023-07-15T20:51:44.918Z','4',true),
('a8644df3-e3db-4ef8-af60-f228f57036d6','fdbcb1d1-20e0-4544-9748-913ceb62b5b9','Kyleigh','Bartoletti','M','2023-03-22T18:11:27.901Z','5',true),
('3c079464-422e-4da7-b3b4-b6bed58c51be','fdbcb1d1-20e0-4544-9748-913ceb62b5b9','Rosalia','Bartoletti','M','2024-01-01T21:03:26.641Z','N',false),
('1da1df7e-1fcf-4dc9-af05-e8862ef1eab2','b2ee934d-05f6-478e-b9c5-6af85e81919a','Madelyn','Schmidt','M','2022-04-27T06:36:20.907Z','6',true),
('ccefc0a5-d113-43b6-bef9-8c3d557653c7','7dbfdbd1-eb40-4112-9a16-cc69acc30629','Bernie','Reichert','M','2023-10-25T10:43:22.601Z','4',false),
('7f39bd01-fd12-4502-b0a2-be2ec2883487','7dbfdbd1-eb40-4112-9a16-cc69acc30629','Jade','Reichert','M','2022-06-17T03:15:39.513Z','7',true),
('a50f9a5e-1941-421a-85ae-188aeeb562df','7dbfdbd1-eb40-4112-9a16-cc69acc30629','Dorothy','Reichert','F','2022-01-11T02:16:14.231Z','4',true),
('da18347b-b02e-4c39-a17c-e5416b5cb69a','2a99461d-ed71-414c-9dc4-5af80baeed6e','Justina','Murphy','M','2022-10-12T00:27:47.828Z','1',true),
('d281466e-0a06-4dee-97b0-be2fd99c650b','1078d296-2844-49a3-8374-54b1135a1627','Gordon','Miller','M','2023-03-27T22:06:49.485Z','2',false),
('b3bd24de-2538-424a-8dd0-b597d9b8b2d7','1078d296-2844-49a3-8374-54b1135a1627','Arnoldo','Miller','F','2023-09-03T04:33:48.826Z','3',true),
('48fd5291-68ce-41bf-9d0c-555b7c12308b','1078d296-2844-49a3-8374-54b1135a1627','Josephine','Miller','F','2022-09-12T07:15:59.200Z','3',true),
('60f00e77-4226-40a6-8fe8-278c1321383b','1078d296-2844-49a3-8374-54b1135a1627','Hans','Miller','M','2021-09-13T04:17:49.475Z','6',true),
('758534de-9ce2-492e-a393-e21667105d99','ef3beff2-b1e9-41a3-81a8-a39fa8e73004','Nels','Kulas','F','2023-09-17T09:57:46.566Z','3',true),
('16f75ee5-8a0c-43bc-8025-7ab81db02068','ef3beff2-b1e9-41a3-81a8-a39fa8e73004','Madisen','Kulas','F','2021-08-29T10:44:51.990Z','6',false),
('b3b8f6a8-1d46-426f-910e-4edc49b7dab7','ef3beff2-b1e9-41a3-81a8-a39fa8e73004','Benton','Kulas','M','2022-03-16T19:43:59.713Z','5',true),
('cfabcb8e-d2f8-4c25-8154-2c355589c61c','ef3beff2-b1e9-41a3-81a8-a39fa8e73004','Gustave','Kulas','F','2022-10-26T18:09:17.653Z','7',false),
('02e56e07-b7d1-47e1-8fff-6434209da7a0','d8fd6649-4437-4d15-8794-27e52ed805a9','Maci','Lowe','M','2023-01-07T04:13:35.328Z','4',true),
('92042dfa-e15b-4850-a07b-2239ada96bb0','c39640b1-74ae-42f9-b0e5-6d251c5a57f6','Libby','Yost','F','2022-07-01T17:11:40.806Z','3',true),
('a0c191c6-b7a4-425d-8b1c-8764118e5f13','c39640b1-74ae-42f9-b0e5-6d251c5a57f6','Estrella','Yost','M','2022-11-27T14:55:13.960Z','3',true),
('95556d31-3e04-40ce-bfc5-b58f997f6e4c','c39640b1-74ae-42f9-b0e5-6d251c5a57f6','Alta','Yost','F','2023-03-28T19:23:58.267Z','2',true),
('adf2704c-38c2-4bcf-94d9-168ac036beb0','c39640b1-74ae-42f9-b0e5-6d251c5a57f6','Natasha','Yost','M','2021-09-06T14:36:24.144Z','4',true),
('a9eeebcb-8eee-4765-867f-5df8d5a0c11c','30ddff3a-d440-4e7f-a623-128ab82d8583','Elinor','Doyle','F','2021-12-18T01:42:49.320Z','4',true),
('0087c086-e4e2-423e-a83e-8f5a14bbb358','30ddff3a-d440-4e7f-a623-128ab82d8583','Skylar','Doyle','M','2022-05-30T03:29:23.452Z','3',false),
('5ca99b2c-90df-415a-ae5f-54ecfbd251ec','77480d6a-888c-46ba-b913-0cc36c944f24','Leonard','Durgan','F','2022-02-17T08:33:10.872Z','4',true),
('d75f3fcc-5cca-4ceb-a719-4d79079eddcb','77480d6a-888c-46ba-b913-0cc36c944f24','Bernita','Durgan','F','2023-04-17T14:49:43.942Z','5',true),
('ee22d08b-d510-48cb-b17b-cfecee6fe5ab','77480d6a-888c-46ba-b913-0cc36c944f24','Mckenzie','Durgan','F','2023-08-03T02:28:14.678Z','6',false),
('58e30bd5-5f16-4fb4-9bdd-51717b576760','97e96630-b1b2-4042-9d26-d5bddfa99b1e','Kyler','Friesen','M','2023-03-22T04:09:06.689Z','N',true),
('1f516d75-e373-45a3-9b0f-83b74a2ba38f','97e96630-b1b2-4042-9d26-d5bddfa99b1e','Solon','Friesen','F','2023-01-23T13:42:50.912Z','2',false),
('dcd116ec-cfc3-44f7-90d3-da679a344934','af7bcd3a-43bb-4a79-9ec5-041208f77213','Emmy','Turner','F','2023-07-08T00:17:32.015Z','N',true),
('0df1a46a-4bec-4ccb-ae9f-22dd23cfb278','04dff514-431c-4061-8034-9e452fedb2cf','Juvenal','Langosh','M','2023-08-02T19:12:50.113Z','3',true),
('e04b1641-fbd3-420d-b0bb-613927a9fcc9','bf19582b-c06b-4919-8b2b-b955fc1325e9','Ashleigh','Kuphal','M','2022-04-09T02:17:49.990Z','2',true),
('b35be1f0-60a2-420b-9488-e13ab801775d','0619e2aa-b3d0-4081-9c3e-80f4cde1f81c','Brisa','Pagac','M','2023-11-19T09:27:49.617Z','2',true),
('b9f44cf4-6342-4c52-b332-5ae90d0cac29','0619e2aa-b3d0-4081-9c3e-80f4cde1f81c','Marcellus','Pagac','M','2021-10-04T01:33:04.443Z','1',true),
('26aba8ff-e197-443d-9edf-422f2f8af16f','9f2612a5-7888-4929-b5b6-5597037ae0f1','Earlene','Pagac','M','2022-07-28T21:13:01.834Z','1',true),
('fc2b7f05-9c56-4689-8765-5c57e6bb52ba','9f2612a5-7888-4929-b5b6-5597037ae0f1','Douglas','Pagac','M','2023-03-01T07:56:17.938Z','4',false),
('b2f5401c-6782-46d6-8929-a99a47738862','dce65d63-4fed-4cd2-9f11-73620e86a111','Merlin','Mitchell','M','2022-04-01T22:06:58.144Z','4',false),
('04a75c16-f085-4d52-8b49-32a5e9a69f44','dce65d63-4fed-4cd2-9f11-73620e86a111','May','Mitchell','F','2023-12-02T09:24:24.951Z','1',true),
('ef8f005c-f1bc-44bc-852a-d895659d9c3f','dce65d63-4fed-4cd2-9f11-73620e86a111','Gaylord','Mitchell','M','2023-01-03T02:33:36.649Z','2',true),
('39f1c8fc-0b7e-4926-bf04-3a7b3e0f41a2','dce65d63-4fed-4cd2-9f11-73620e86a111','Russell','Mitchell','M','2023-04-24T11:30:28.462Z','1',true),
('3c5100ea-054d-4655-ab48-6ad38d66e1cc','c8dd71c1-a054-4470-8e26-8949dee92aa7','Cristina','Herzog','M','2022-09-09T14:08:21.980Z','2',true),
('190efd22-8e6a-4a90-8daa-32dc3dfc4f15','c8dd71c1-a054-4470-8e26-8949dee92aa7','Demond','Herzog','F','2022-04-23T09:23:59.978Z','5',false),
('b085edb7-325c-405d-9368-0ae77e59f5a6','c8dd71c1-a054-4470-8e26-8949dee92aa7','Hanna','Herzog','M','2023-09-22T14:48:35.369Z','4',true),
('c79fb264-2703-46fc-9538-31ff492c2d95','5da46732-4f58-436b-ac19-cf34fe05f831','Wendy','Hickle','F','2022-03-21T10:28:31.163Z','3',false),
('f38ad5ec-9a79-41ed-b5d4-81126f15f1aa','5da46732-4f58-436b-ac19-cf34fe05f831','Olaf','Hickle','F','2022-02-24T11:36:54.446Z','6',true),
('728b2476-fd9c-4298-81b3-e7a158daa1e1','0c4a0ccf-f988-4588-85a6-991fdea10567','Delaney','Leannon','M','2022-09-30T11:31:37.943Z','6',true),
('9ba67077-468a-4b87-92c0-d1ec3947977d','0c4a0ccf-f988-4588-85a6-991fdea10567','Roy','Leannon','F','2023-01-17T15:15:46.959Z','7',true),
('66268a73-2017-4f1d-9d87-f6f354c042cd','e68bcb34-e115-4e2d-80d9-6480cc00442e','Kayla','Rutherford','F','2022-06-08T20:49:16.918Z','3',true),
('e6f278ab-b085-4aa8-9479-72e599bb9640','e68bcb34-e115-4e2d-80d9-6480cc00442e','Branson','Rutherford','M','2022-04-25T09:00:29.994Z','3',true),
('64f817fc-c92a-4202-94d9-b3993b8b00c5','e68bcb34-e115-4e2d-80d9-6480cc00442e','Marty','Rutherford','F','2022-02-08T10:10:41.765Z','5',true),
('c5c38b73-930a-44a2-a52e-34cd86dcaf14','e68bcb34-e115-4e2d-80d9-6480cc00442e','Rigoberto','Rutherford','M','2023-04-18T20:10:25.530Z','3',true),
('af7de799-0193-4d60-8b3c-c832be7ee631','bc83d023-4eb1-4064-a3ef-082fdc74e5ed','Candice','Welch','M','2024-01-12T05:45:45.172Z','7',true),
('797de3fe-2957-46e6-a21b-03032cce66c8','bc83d023-4eb1-4064-a3ef-082fdc74e5ed','Arielle','Welch','F','2021-09-18T18:14:29.642Z','5',true),
('5b591254-d5b4-4e93-8a07-60078b29f994','21168ff9-71c0-4f87-af65-2ff39685f8d9','Ted','Turcotte','F','2023-12-04T02:28:41.793Z','N',true),
('0e2ca084-a814-4110-9e6e-3c76ee898d86','21168ff9-71c0-4f87-af65-2ff39685f8d9','Nils','Turcotte','M','2023-02-04T12:29:48.926Z','1',true),
('79af0720-9640-46a0-855c-d43a5a1ccb7f','21168ff9-71c0-4f87-af65-2ff39685f8d9','Jose','Turcotte','M','2023-11-25T04:53:37.645Z','2',true),
('d4907047-04c4-4403-afbf-d2c8f4590424','21168ff9-71c0-4f87-af65-2ff39685f8d9','Linda','Turcotte','F','2022-09-01T21:00:19.158Z','1',true),
('0cf70949-fe20-4fe4-befa-1965c4a2072f','ad70b4ec-aaba-4e34-8b6e-f0cba7548cd9','Jamison','Kuhlman','F','2023-10-23T03:26:58.472Z','1',true),
('d729d563-4726-4d2a-b34f-d91f2bf742f3','743d6c15-1bff-40c9-9f98-94c69182bc9c','Kristian','Bruen','M','2021-10-16T11:28:04.864Z','3',true),
('4019611b-c497-4379-9cdd-8757ae5aac6d','743d6c15-1bff-40c9-9f98-94c69182bc9c','Shad','Bruen','M','2024-01-31T23:38:32.346Z','N',true),
('d794659c-5428-4986-a4dd-f661e02042db','743d6c15-1bff-40c9-9f98-94c69182bc9c','Dixie','Bruen','F','2024-01-30T18:22:28.638Z','6',false),
('8dc5b047-cd2e-4621-a7eb-fa917ad87a3c','743d6c15-1bff-40c9-9f98-94c69182bc9c','Porter','Bruen','M','2021-11-15T04:20:57.491Z','6',true),
('9888cf09-132c-41dc-9174-8d26018ec74f','9d567e9a-92ae-48da-8526-00e45cae84f1','Bryana','Kilback','F','2022-05-25T14:35:50.756Z','1',false),
('5f5b26f2-9242-430a-a501-fc96835c8251','9d567e9a-92ae-48da-8526-00e45cae84f1','Elisha','Kilback','M','2023-11-29T23:57:07.763Z','3',true),
('560af574-ae8d-45ba-9ae6-63743990d9e3','9d567e9a-92ae-48da-8526-00e45cae84f1','Korbin','Kilback','F','2023-02-12T12:35:15.164Z','7',true),
('21b927f0-7ea4-4956-84f9-53839ddd1b05','9d567e9a-92ae-48da-8526-00e45cae84f1','Kobe','Kilback','M','2023-03-06T16:33:29.657Z','N',true),
('0359dde2-b35e-4abc-b297-6c0a61c0538b','bce18bcc-c866-482c-8b58-1de6d3dbe1a1','Alexander','Anderson','F','2021-12-03T14:32:47.470Z','3',false),
('c432325a-c46c-419a-a3e4-b6fe399d829b','bce18bcc-c866-482c-8b58-1de6d3dbe1a1','Birdie','Anderson','M','2023-10-06T01:20:59.912Z','4',true),
('52fd0d93-d240-4983-961d-acbb216de1df','2b32d9b9-248a-4795-a2d8-80d522c471d0','Cierra','Blick','F','2022-07-30T01:02:21.993Z','N',false),
('72fff1fc-8994-4e90-9705-c817cfac9470','2b32d9b9-248a-4795-a2d8-80d522c471d0','Vicente','Blick','M','2021-11-16T22:32:01.507Z','3',false),
('c98d6ffd-429b-42c9-bdc4-e20321682d22','2b32d9b9-248a-4795-a2d8-80d522c471d0','Britney','Blick','M','2021-10-23T03:54:43.558Z','7',false),
('66119c29-b7be-4781-8459-bddd68eb73e6','0e92907c-00be-4b2d-9d25-cf77f81f8abc','Alverta','Bayer','F','2022-01-12T12:57:16.589Z','3',true),
('e9583602-fa2c-43f1-b6a8-3d999239c44c','0e92907c-00be-4b2d-9d25-cf77f81f8abc','Enoch','Bayer','F','2022-12-24T06:53:43.878Z','5',true),
('ed1ce580-fac2-4faf-9054-6aa8fb1109f4','0e92907c-00be-4b2d-9d25-cf77f81f8abc','Claudie','Bayer','M','2021-10-21T06:13:05.250Z','7',true),
('0ee5b2e7-d548-4fbb-bd9a-c0a782615cc2','f333ecc7-5456-41e0-a914-77518764a4f9','Nicola','Huels','M','2021-12-07T19:39:26.854Z','4',true),
('b39d496f-31ba-422b-bb72-1d174b55eaa3','9dcc9adf-41b4-4d66-8881-6874d9020858','Norris','Romaguera','M','2024-01-06T20:04:08.496Z','3',true),
('7a891648-9ab8-40f9-87db-5a7fe261597e','832cc123-76d0-4406-b671-0939b28e970a','Etha','Dickinson','F','2023-03-15T00:48:42.581Z','2',true),
('38a3ea26-6c72-49fe-93ff-97e8f2417560','832cc123-76d0-4406-b671-0939b28e970a','Marcella','Dickinson','M','2022-02-15T11:27:43.328Z','3',true),
('9dfed9ac-d11d-4c1c-aeda-3ff6965c38d4','6d8a364d-7a7b-4bd9-a2cb-ff6cac9d50b9','Hilario','Heller','M','2021-09-22T18:58:12.653Z','6',true),
('bf906f5f-8331-4a97-a389-6dff1d727048','6d8a364d-7a7b-4bd9-a2cb-ff6cac9d50b9','Fredrick','Heller','F','2023-12-23T00:00:20.884Z','5',true),
('ffabfe68-9460-4f4c-9cbd-f74e3be75a4e','6d8a364d-7a7b-4bd9-a2cb-ff6cac9d50b9','Paula','Heller','M','2022-10-27T08:36:27.594Z','2',true),
('27b0db3e-4c8c-486c-b186-e9e8ff1fc820','308a7c23-1e34-481f-a5fa-d7c54d6f55dc','Mohamed','Konopelski','M','2022-05-07T20:25:56.447Z','N',true),
('ea7de48f-1488-49c9-8520-b618f343f841','308a7c23-1e34-481f-a5fa-d7c54d6f55dc','Rita','Konopelski','F','2022-02-01T06:43:44.097Z','1',true),
('5fe4ce0e-b534-4e88-b855-9347ea5e3358','f3970038-d1a1-4d59-951d-429397f3fd6d','Florine','Sawayn','M','2022-10-05T18:04:29.837Z','1',false),
('b2587fab-0ff5-4455-807e-c50d3bf0b063','f3970038-d1a1-4d59-951d-429397f3fd6d','Collin','Sawayn','F','2022-05-24T15:34:36.432Z','5',true),
('bb8554ec-aa77-4e20-99a6-9f5843902015','f3970038-d1a1-4d59-951d-429397f3fd6d','Meghan','Sawayn','F','2024-01-29T10:57:43.028Z','7',true),
('8607c0c4-e0f6-4753-a04b-7747768da72c','748854c4-c4ac-4b3a-ae16-ede70e4931f4','Clinton','Raynor','F','2023-03-23T03:19:21.582Z','2',false),
('020d86d2-c1ee-442e-b97c-789f91b215c0','bc263ae2-245f-4f5e-aadb-e0b1b7213348','Sabina','Lang','M','2021-11-26T15:58:56.938Z','1',false),
('3bed4b17-3ccd-4c6d-a9b3-c00c8c688341','bc263ae2-245f-4f5e-aadb-e0b1b7213348','Hosea','Lang','F','2023-09-15T15:56:21.070Z','7',true),
('3e68e7f1-d04a-4db2-b38b-e24ffae8d12a','bc263ae2-245f-4f5e-aadb-e0b1b7213348','Erling','Lang','F','2023-06-21T08:27:26.684Z','N',true),
('ca4895d0-3d84-4899-ab0b-bbd85083e1e8','bc263ae2-245f-4f5e-aadb-e0b1b7213348','Kacey','Lang','F','2022-06-03T11:43:08.488Z','1',true),
('cce0c7c8-df21-4d26-8f69-7582eb2e0062','61cc6dd0-3587-4b4a-b4c5-c9d6aa934be0','Estella','Zieme','F','2023-07-27T15:56:47.164Z','5',true),
('fcc6bdd6-f7c2-47ec-9584-d593a746a9b8','61cc6dd0-3587-4b4a-b4c5-c9d6aa934be0','Betsy','Zieme','M','2022-03-09T07:43:45.237Z','4',false),
('2f66beab-d171-4548-8c53-3d990c43bd21','7bbd5597-b574-42ea-9d19-766d31c99b0d','Giuseppe','Stracke','M','2023-03-23T10:49:23.537Z','6',true),
('d709c63e-aa87-4d72-af25-30039218880d','7bbd5597-b574-42ea-9d19-766d31c99b0d','Eleonore','Stracke','F','2022-01-14T10:36:17.807Z','1',true),
('5a441388-a159-4cf6-9c41-7e26ef982b6d','7bbd5597-b574-42ea-9d19-766d31c99b0d','Wilfred','Stracke','M','2023-01-06T18:59:00.080Z','4',true),
('f1cc58e6-9245-432a-8216-df260c19a627','d9e7ff96-afc2-45cc-b17e-35e81b25fa81','Bulah','Kiehn','M','2023-05-01T21:36:38.276Z','6',true),
('454b6adf-b5ff-4e23-a764-229aeacd2df4','8b161349-c3d7-441e-8c92-e345eb4e8a4b','Whitney','Volkman','F','2022-02-24T20:36:04.968Z','7',true),
('182093b0-e015-49af-b6c8-3d12c29a9f1e','8b161349-c3d7-441e-8c92-e345eb4e8a4b','Felipe','Volkman','M','2023-04-25T19:21:42.806Z','4',false),
('90824a9d-8e5d-4f3d-9f32-d165a3b4fb80','b8b83319-cd3e-4d2a-b4db-bd2532f27b10','Garrick','Lubowitz','M','2022-12-19T21:10:23.388Z','5',false),
('c258ae78-5fd7-4a5e-bd23-4a5d9a47f481','b8b83319-cd3e-4d2a-b4db-bd2532f27b10','Alf','Lubowitz','M','2023-09-19T13:27:17.093Z','5',true),
('69e224e5-9b78-4068-a4d0-a48aae01f15c','b8b83319-cd3e-4d2a-b4db-bd2532f27b10','Don','Lubowitz','F','2021-11-02T11:35:57.244Z','1',false),
('3b45508e-6943-4c58-ba55-ac669e3d822a','3cef7219-d507-4b04-8597-7c62d209107a','Demetrius','Daniel','M','2023-08-18T09:40:00.697Z','2',true),
('9eacf920-208a-4de6-a0be-a3240c17c660','3cef7219-d507-4b04-8597-7c62d209107a','Clare','Daniel','M','2022-02-22T21:18:53.590Z','2',true);
