
DELETE FROM order_record;
DELETE FROM deliverer;
DELETE FROM parent;
DELETE FROM kid;

INSERT INTO deliverer (id, name, email, phone_number, is_active) VALUES
('0cc6f317-78f6-4d79-a60f-247d751fd7b2','Dominique Ferry','Tracy_Waters@hotmail.com','394-496-8847',true),
('07a6ed4a-222c-4d8c-8f2e-d4baa24db924','Delfina Ziemann','Donato_Jast@yahoo.com','391-652-9042',true),
('40d608a5-246d-4cd6-b747-1924d19b9756','Bartholome Hintz','Queen.Funk@hotmail.com','377-943-7058',true),
('e1f84331-f010-487b-aaca-babe3239b6a0','Henriette Hudson','Shanon_Goldner@Bauch.org','055-892-8346',true),
('d61a8687-59e6-4dd0-bcaf-52c6cc15d193','Reinhold Watsica','Stracke_Maximillian@hotmail.com','340-487-5504',false),
('f42964cb-09e3-4815-889b-8fc23910f056','Candido Hills','Foster.Kub@hotmail.com','133-810-1374',true),
('cc9b9ad4-8a18-480c-954d-f04cf7b8ac5f','Manley Abshire','Ledner.Jan@Wuckert.biz','761-918-6857',true),
('e770f029-8543-4703-8f1e-34e563582d6b','Bernie Feil','Walker_Dedrick@yahoo.com','454-935-4165',true),
('924dff4e-f5ec-465e-bf37-4c8a0a1377bf','Araceli Cormier','Carroll.Etha@yahoo.com','416-294-6194',true),
('e23dae1c-be85-4659-af73-01fc43d3096f','Peter Pacocha','Legros_Marguerite@hotmail.com','922-914-2816',true),
('c2af6143-742c-43b0-a9c2-6f9c383d320d','Chris Tromp','Dickens_Johnson@hotmail.com','183-504-0085',false),
('70d446a6-c761-4638-a3a1-04d149e199bc','Cathy Roob','Kling_Erick@yahoo.com','054-908-4687',false),
('10ccfa11-18cd-4064-9c47-ccb767e1210d','Mose Rath','Sipes.Torrance@Margarete.com','677-273-4671',true),
('ffdfb4e1-4f1c-4c60-8e84-4cebb959ec69','Madisen Hoppe','Nova.Jacobs@Conrad.name','523-716-7835',true),
('e8ccda6a-b0e2-44bd-8e7c-84abb08f74d1','Dennis Thiel','Jermain.Kunde@yahoo.com','182-930-1909',true),
('e9189e1e-3d0f-46eb-8ef5-7c75f68661bf','Jordyn Ritchie','Chester.McClure@yahoo.com','209-726-6392',true),
('045cc908-ae39-4f5e-b6e5-1887191deaed','Gabriel White','Anderson_Bernier@Maryam.info','661-555-9739',true),
('088eccf5-139b-4ca5-ac92-d5a01d7126c7','Frances Beatty','Lacey_Walter@Raynor.ca','252-458-9727',false),
('c132ebb2-8bda-4571-8eeb-300f6749e5d2','Dave Reinger','Soledad.Johnson@Dillan.us','900-957-5296',true),
('dde1a11f-0752-4ab5-9205-7c5e8960d062','Hollis Hane','Monahan_Reggie@hotmail.com','772-983-7347',true);

INSERT INTO parent (id, first_name, last_name, address, city, zip, phone_number, country_of_origin, rough_family_income, is_active, deliverer_id) VALUES
('f745bdc8-ed5d-4ac9-ace3-2168ac7cdb68','Maegan','Kuhlman','5937 Jacobi Centers Suite 765','Predovicside','05710','574-582-4075','Latvia',15000,true,'0cc6f317-78f6-4d79-a60f-247d751fd7b2'),
('e0778c7e-b002-4a5a-bf94-55f40d545b8f','Marcelle','Leannon','21 Hintz Row','South Mavis','70141','212-547-8416','Egypt',25000,true,'e9189e1e-3d0f-46eb-8ef5-7c75f68661bf'),
('688f064e-d9a2-409e-8574-8eb7ab53d90d','Eladio','Frami','50 Janet Fields Apt. 265','Edgarburgh','54993-6100','213-202-5869','Bangladesh',20000,true,'07a6ed4a-222c-4d8c-8f2e-d4baa24db924'),
('6fd276dc-4066-40f5-acfd-c95d2299ae89','Tristin','Runte','4024 Amos Road Apt. 690','South Arnaldo','53581','084-312-4112','Peru',40000,false,'e770f029-8543-4703-8f1e-34e563582d6b'),
('12016307-3b2f-4e83-a8f3-866bae4d2e63','Carroll','Herzog','062 Nitzsche Trace Suite 584','East Vaughn','11010','121-223-1195','Guam',10000,true,'e8ccda6a-b0e2-44bd-8e7c-84abb08f74d1'),
('2bec932f-48b5-4318-b76e-2365763dcc94','Rosetta','Kutch','190 Mauricio Route','East Gabe','63293-0201','022-501-7136','Comoros',20000,true,'0cc6f317-78f6-4d79-a60f-247d751fd7b2'),
('cc0cbf5b-8a97-4c87-a607-1366da09f509','Camille','Jacobi','947 Waters Points','East Elliot','80517-9971','439-546-9220','Turkmenistan',15000,false,'dde1a11f-0752-4ab5-9205-7c5e8960d062'),
('0f0b352a-7d56-4540-8636-38089cb26530','Amya','Mosciski','046 Smitham Villages','Tianamouth','17016','012-224-6444','India',20000,true,'07a6ed4a-222c-4d8c-8f2e-d4baa24db924'),
('11e36883-27df-4ad3-8bc1-ad2840122462','Elizabeth','Miller','2077 Nikolas Manors Suite 310','New Caliberg','33584-5186','667-911-6451','Timor-Leste',35000,false,'e1f84331-f010-487b-aaca-babe3239b6a0'),
('f671b5f6-5d0f-40c3-a848-d7a7fae8a1d0','Lillie','Marvin','5764 Lebsack Wall','Curtbury','18207','259-044-6173','Anguilla',25000,true,'045cc908-ae39-4f5e-b6e5-1887191deaed'),
('e1b4ef6b-281e-4bbe-9a2c-73cf262dbf4d','Willa','Baumbach','9195 Kelvin Lodge Suite 890','Anaisbury','94364','714-606-1013','Wallis and Futuna',5000,true,'40d608a5-246d-4cd6-b747-1924d19b9756'),
('72f1fcda-75f0-44d5-a188-2248a4c56c74','Flavie','Luettgen','4568 Ellsworth Squares Apt. 573','Kingville','92203-0383','511-031-5620','Poland',50000,false,'e1f84331-f010-487b-aaca-babe3239b6a0'),
('41939671-a901-42c8-b0dd-53c2a85bcaf1','Arthur','Carter','488 Esther Shoals Apt. 918','New Madisen','78463-2196','731-543-7264','Andorra',25000,true,'10ccfa11-18cd-4064-9c47-ccb767e1210d'),
('c6d7b8ae-c762-485c-92b7-2ae033781b07','Johann','Huel','54 Heathcote Expressway Suite 254','South Danaview','99498-6673','266-724-6795','Wallis and Futuna',20000,true,'40d608a5-246d-4cd6-b747-1924d19b9756'),
('eaac47b0-5eca-4912-adaf-cdbc78b7c150','Reed','Bergnaum','6799 Hirthe Ville Suite 783','Celiastad','22896-8342','430-870-6336','Jersey',30000,true,'f42964cb-09e3-4815-889b-8fc23910f056'),
('f8741f92-3c6f-4731-a790-74afa13c1ec8','Geovanni','Pollich','39 Rutherford Shoals','Lake Bryana','72619-4129','401-610-4223','Nauru',10000,true,'ffdfb4e1-4f1c-4c60-8e84-4cebb959ec69'),
('591e39e1-4510-4c5d-b835-958b974727d6','Chaim','Streich','25 Lucius Viaduct Suite 090','Medhurstmouth','42934-1377','934-404-2449','Malawi',20000,false,'cc9b9ad4-8a18-480c-954d-f04cf7b8ac5f'),
('9ee22739-5ed9-4029-b6cb-970fe990ab30','Kimberly','Runolfsdottir','3206 Collier Wall','South Kristy','45214-6136','800-832-4273','Mongolia',20000,true,'e23dae1c-be85-4659-af73-01fc43d3096f'),
('e03a65d7-08b7-4dc2-b6ea-f05064efb00a','Rafael','Buckridge','89 Haley Brook Apt. 671','New Brielleton','18360-2178','242-782-7109','Malawi',0,true,'ffdfb4e1-4f1c-4c60-8e84-4cebb959ec69'),
('9ad38083-fe7a-495d-8527-615afdcb1aac','Johnnie','Cartwright','454 Earl Lane Apt. 921','Mannhaven','59482-8368','668-989-0314','Sri Lanka',10000,true,'ffdfb4e1-4f1c-4c60-8e84-4cebb959ec69'),
('5a4b6f9b-8c6e-4e63-b33a-59f2ef527af3','Katelynn','Mraz','70 Pfannerstill Mount','East Gregory','38572-0954','520-708-3542','Senegal',0,true,'e23dae1c-be85-4659-af73-01fc43d3096f'),
('1821db69-8d08-4302-94b3-1fc7f1e63912','Austyn','Jast','0867 Strosin Pike','East Bradfordport','31525-4598','239-551-0056','Switzerland',30000,true,'e770f029-8543-4703-8f1e-34e563582d6b'),
('5b62726d-a6e0-4198-8d32-7262f3f0f83b','Antonietta','Bruen','115 Carmela Causeway','West Erin','56382-5216','642-449-3845','French Guiana',20000,true,'f42964cb-09e3-4815-889b-8fc23910f056'),
('3d487871-5645-4187-beec-00654d2310c7','Cristobal','Connelly','6777 Moen Wall Apt. 620','West Thaddeustown','29155','522-212-3147','Liberia',25000,true,'e23dae1c-be85-4659-af73-01fc43d3096f'),
('80573c19-1cee-4975-9929-76dfac8b6f9a','Guido','West','406 Witting Mountain','Townefort','95285','546-715-6534','China',45000,true,'e8ccda6a-b0e2-44bd-8e7c-84abb08f74d1'),
('38341a3b-1bb1-4a70-a3ad-82d4be7d4da8','Lonzo','McLaughlin','3180 Goyette Fords Apt. 401','Port Rafael','75649','381-891-9634','Guinea-Bissau',45000,false,'045cc908-ae39-4f5e-b6e5-1887191deaed'),
('a08d68ab-ae15-41ed-9731-ec6d10926ea3','Rupert','Prohaska','588 Walsh Drive Apt. 255','South Maynard','27160','204-916-9970','Saint Helena',10000,true,'f42964cb-09e3-4815-889b-8fc23910f056'),
('f8912265-b88e-494a-97cd-66acf608be16','Cora','Franecki','845 Rippin Groves','New Gilberto','75077','643-597-8240','Senegal',40000,false,'ffdfb4e1-4f1c-4c60-8e84-4cebb959ec69'),
('1a85faa2-d7e8-4b0f-a6cd-e3fb848632d9','Leonardo','Emmerich','9356 Dorris Forge','Jaydeton','01756','137-937-3600','American Samoa',25000,true,'40d608a5-246d-4cd6-b747-1924d19b9756'),
('934c28bd-eb4b-413e-9d9b-63a77745f65c','Damion','Hegmann','727 Swift Lodge','Lake Ara','60956-3489','930-066-6534','Mexico',10000,false,'045cc908-ae39-4f5e-b6e5-1887191deaed'),
('51ec88bf-989f-48c0-872f-6ae83703408c','Florian','Gleason','918 Blick Ramp','Kulasmouth','04995','874-865-9806','Gibraltar',30000,true,'c132ebb2-8bda-4571-8eeb-300f6749e5d2'),
('feecb24c-9735-4130-a64b-a2b58240e4f7','Camylle','Boehm','55 Roxanne Viaduct','North Adellabury','11923-9402','130-488-9904','Ukraine',50000,true,'ffdfb4e1-4f1c-4c60-8e84-4cebb959ec69'),
('6d5cb37c-826b-4fb8-a679-04c455764732','Lonny','Price','0327 Vallie Coves Suite 516','Lake Warren','32708','998-722-8504','Gabon',5000,true,'dde1a11f-0752-4ab5-9205-7c5e8960d062'),
('f51975dc-2df0-4a74-a156-693502c84d06','Muhammad','Hane','8625 Molly Ports','Port Marcelinaside','13918','313-362-4542','Guinea-Bissau',10000,false,'e8ccda6a-b0e2-44bd-8e7c-84abb08f74d1'),
('1c2591eb-2ee1-429c-886d-d01f4c5a91a7','Griffin','King','329 Volkman Rapids','East Darrin','43459-8988','347-442-7601','South Georgia and the South Sandwich Islands',10000,true,'e8ccda6a-b0e2-44bd-8e7c-84abb08f74d1'),
('6e2f841d-631f-45a7-9b5d-21eca699107a','Frida','Windler','64 Pierce Knolls Suite 734','South Beth','49237-2749','667-686-7880','Belize',35000,true,'e770f029-8543-4703-8f1e-34e563582d6b'),
('a740f9d8-3b97-4634-b6c8-4bca1a1807ad','Randal','Lowe','717 Homenick Viaduct Suite 559','New Colin','89545-1757','175-156-0302','Oman',45000,true,'c132ebb2-8bda-4571-8eeb-300f6749e5d2'),
('61bfaa9c-bad9-43c4-acad-e5bbdd166494','Krystel','Hammes','46 Murphy Trafficway','West Jacklyn','62654','933-925-2272','Korea',30000,false,'c132ebb2-8bda-4571-8eeb-300f6749e5d2'),
('31866d3c-5a2f-43dd-a82e-3ad228023da8','Bettie','Grimes','679 Ona Ferry','Liamton','44688','637-109-1550','Nepal',35000,false,'ffdfb4e1-4f1c-4c60-8e84-4cebb959ec69'),
('cb0fe910-2e3b-4456-a4c0-92638f6f2f6b','Gust','Swift','3818 Steuber Passage','Kihnstad','19218-9467','517-454-5550','Canada',20000,true,'10ccfa11-18cd-4064-9c47-ccb767e1210d'),
('6c6561e8-a465-49ed-8bfc-1f61d2ee258a','Angeline','Leannon','24 Klocko Islands','Trantowview','88538','982-090-3031','Haiti',15000,true,'dde1a11f-0752-4ab5-9205-7c5e8960d062'),
('dc7955c5-3941-4478-b6c8-16a8d4d3a088','Yolanda','Dach','170 Anahi Crescent Suite 430','Port Hulda','15879','261-820-5987','Bermuda',40000,true,'f42964cb-09e3-4815-889b-8fc23910f056'),
('17b0ba84-a277-49b8-9aa1-a54f6fb3ccaa','Virgil','Beier','05 Mueller Mountain','Elviemouth','58976-6392','094-722-9174','Guadeloupe',0,false,'e9189e1e-3d0f-46eb-8ef5-7c75f68661bf'),
('ce6fde5a-01c4-4dad-bae6-8e280ab6f1a4','Vicente','Bogisich','14 Lemke Way','Tanyastad','85335-8250','518-080-8091','United Kingdom',30000,true,'e8ccda6a-b0e2-44bd-8e7c-84abb08f74d1'),
('6e91272c-e7bd-453d-ad84-49e98dbc9704','Mekhi','Mraz','297 Melyssa Place Apt. 253','Berrytown','99421-9352','680-433-3575','Singapore',15000,true,'e8ccda6a-b0e2-44bd-8e7c-84abb08f74d1'),
('5e3e469c-9964-459c-81a9-545bdf1a2bf7','Denis','Veum','398 Hodkiewicz Stream','Paoloshire','57289-8443','753-836-6361','Sierra Leone',10000,true,'f42964cb-09e3-4815-889b-8fc23910f056'),
('4600bfb4-45c0-4072-81b6-21c60888bb4d','Judge','Wilkinson','1136 Upton Dale Apt. 210','Kuhicchester','89039-9610','160-620-6668','Jordan',5000,true,'e8ccda6a-b0e2-44bd-8e7c-84abb08f74d1'),
('5d73f2d8-22cb-4faf-8be9-2083f7c89dd8','Pasquale','Frami','661 Valentine Manor','West Kali','89796','412-959-0445','Martinique',15000,false,'045cc908-ae39-4f5e-b6e5-1887191deaed'),
('861896af-04a7-44e2-a9e4-615b24aa9166','Rico','Flatley','811 Hartmann Turnpike Suite 160','Walkermouth','33811','408-761-7009','Hungary',10000,true,'07a6ed4a-222c-4d8c-8f2e-d4baa24db924'),
('0197813b-c0d5-40b4-af83-18593ff73195','Mustafa','Yost','298 Tillman Bypass Apt. 583','Simonistown','84089-6678','208-052-0772','United Arab Emirates',5000,true,'40d608a5-246d-4cd6-b747-1924d19b9756');

INSERT INTO kid (id, parent_id, first_name, last_name, gender, birth_date, diaper_size, is_active) VALUES
('3372850e-43a0-4f7f-8933-523aca5688cc','f745bdc8-ed5d-4ac9-ace3-2168ac7cdb68','Colleen','Kuhlman','M','2023-06-07T23:10:52.914Z','5',true),
('3ee61345-22f1-4462-8a8f-15dcf09e8c9e','f745bdc8-ed5d-4ac9-ace3-2168ac7cdb68','Johann','Kuhlman','F','2023-08-20T06:25:20.063Z','4',false),
('9e28f8ca-8c2e-47fd-872f-e4469d48dd7d','f745bdc8-ed5d-4ac9-ace3-2168ac7cdb68','Corene','Kuhlman','F','2024-01-28T21:30:00.333Z','7',false),
('55e1b3bb-33b1-464c-a06f-08fe5b57c362','f745bdc8-ed5d-4ac9-ace3-2168ac7cdb68','Dora','Kuhlman','M','2022-02-01T20:30:27.772Z','2',false),
('eaa2f8cf-52a0-42af-a052-82cb4e39939b','e0778c7e-b002-4a5a-bf94-55f40d545b8f','Reva','Leannon','F','2023-09-24T02:24:24.816Z','N',true),
('e7539d93-cbc6-4912-abeb-be501ef4a751','e0778c7e-b002-4a5a-bf94-55f40d545b8f','Chandler','Leannon','F','2022-03-13T00:15:03.227Z','2',true),
('ae6d0633-2e44-48a2-89ac-41e60c208b26','e0778c7e-b002-4a5a-bf94-55f40d545b8f','Martine','Leannon','F','2023-01-26T00:43:17.374Z','1',false),
('97264c6d-b541-4874-b679-12be8fcb0ffe','688f064e-d9a2-409e-8574-8eb7ab53d90d','Raoul','Frami','M','2023-12-30T17:16:37.472Z','5',true),
('49a73fdb-d2ee-4e43-9b04-2d0a75b4a723','6fd276dc-4066-40f5-acfd-c95d2299ae89','Rachel','Runte','F','2023-11-27T01:05:32.800Z','5',true),
('c6ef98e1-1325-492d-bbb5-fab62b7d788f','12016307-3b2f-4e83-a8f3-866bae4d2e63','Marcus','Herzog','F','2022-01-25T01:40:53.366Z','2',true),
('5c83d455-3a8d-4e94-b8b2-56d2a3229cda','2bec932f-48b5-4318-b76e-2365763dcc94','Edwardo','Kutch','M','2022-03-14T15:18:12.392Z','6',true),
('a16d43ac-da3c-475c-8be4-48c9c4316cbb','2bec932f-48b5-4318-b76e-2365763dcc94','Kyla','Kutch','M','2023-06-24T03:43:30.135Z','2',true),
('33481b05-b141-4b4f-946b-8369d704e5e9','cc0cbf5b-8a97-4c87-a607-1366da09f509','Kasandra','Jacobi','F','2022-12-18T11:47:16.957Z','6',false),
('5e60b477-7a7c-4a57-a83a-7ad5bc452b67','cc0cbf5b-8a97-4c87-a607-1366da09f509','Bernita','Jacobi','M','2021-10-17T12:07:06.795Z','3',false),
('b836856b-3bf4-4eed-a270-1371bfe5f2a7','0f0b352a-7d56-4540-8636-38089cb26530','Cassie','Mosciski','M','2023-12-08T14:19:11.258Z','5',true),
('00819514-56dd-44b3-977b-7608dbe26f2f','0f0b352a-7d56-4540-8636-38089cb26530','Caleb','Mosciski','M','2022-10-14T02:11:20.830Z','1',true),
('cddc72cd-4ee1-45df-b90f-87e536566df4','0f0b352a-7d56-4540-8636-38089cb26530','Aglae','Mosciski','F','2022-05-01T14:55:58.488Z','2',true),
('74aebaeb-5080-490a-a9ef-0fb245685fc0','0f0b352a-7d56-4540-8636-38089cb26530','Payton','Mosciski','M','2023-05-01T09:09:06.239Z','3',false),
('991103cc-e883-4de4-b598-0f89fc39ffbe','11e36883-27df-4ad3-8bc1-ad2840122462','Donald','Miller','F','2023-07-05T06:11:08.147Z','7',false),
('71f86d84-edf9-4f60-89f8-fc8d6b1eee70','11e36883-27df-4ad3-8bc1-ad2840122462','Reyna','Miller','F','2023-03-23T18:32:37.411Z','N',true),
('46ffb5fa-68bd-477a-a2d5-fa2ba07cf411','11e36883-27df-4ad3-8bc1-ad2840122462','Juwan','Miller','M','2024-01-11T10:16:51.935Z','4',false),
('929f88ac-4137-41df-80e8-b4d4744655a1','f671b5f6-5d0f-40c3-a848-d7a7fae8a1d0','Fredrick','Marvin','M','2022-01-11T18:54:15.368Z','4',true),
('d1efcf00-5625-4735-835c-9dcff9c3c32f','f671b5f6-5d0f-40c3-a848-d7a7fae8a1d0','Anthony','Marvin','F','2023-02-13T17:09:15.003Z','2',true),
('da162b06-ea6e-4510-aa57-32e7c6d5d58a','f671b5f6-5d0f-40c3-a848-d7a7fae8a1d0','Gerald','Marvin','F','2021-11-25T01:43:42.807Z','7',true),
('8cf57e2e-4779-4b8c-a253-8e3ac1116fa6','e1b4ef6b-281e-4bbe-9a2c-73cf262dbf4d','Rubie','Baumbach','M','2022-02-19T22:30:44.734Z','N',true),
('214f2c1c-4ba9-4d0f-bbdb-d75f8e5db8af','72f1fcda-75f0-44d5-a188-2248a4c56c74','Imani','Luettgen','M','2022-12-02T09:03:36.174Z','N',true),
('7592051c-4e7d-4ae5-9204-aee1dc15ab39','72f1fcda-75f0-44d5-a188-2248a4c56c74','Kaela','Luettgen','F','2023-12-01T01:38:15.582Z','2',true),
('4286e2b6-52fd-47c3-aec2-87ab07a67ade','41939671-a901-42c8-b0dd-53c2a85bcaf1','Anibal','Carter','M','2023-06-23T10:48:27.336Z','7',true),
('46994eae-c9e5-4e35-8e89-1571529fd3b4','41939671-a901-42c8-b0dd-53c2a85bcaf1','Sarina','Carter','M','2024-01-05T11:44:39.252Z','2',true),
('3a602030-9508-457e-9629-54934959570c','41939671-a901-42c8-b0dd-53c2a85bcaf1','Marjolaine','Carter','M','2023-08-05T01:57:59.220Z','6',false),
('4a685143-980c-4ec3-abe1-b08a18ac2e77','c6d7b8ae-c762-485c-92b7-2ae033781b07','Stephan','Huel','F','2022-05-22T01:09:30.279Z','2',true),
('6ec5b099-0586-4ca4-aaa3-c1f8ffeeb470','c6d7b8ae-c762-485c-92b7-2ae033781b07','Ellis','Huel','M','2022-08-22T10:58:45.233Z','5',true),
('8fa197b2-28db-4f21-81fb-d1dcc0a0adc6','c6d7b8ae-c762-485c-92b7-2ae033781b07','Marshall','Huel','F','2023-12-14T22:42:28.634Z','4',true),
('5062c3d6-3f2c-4e3c-ad29-56bdcbbfd568','c6d7b8ae-c762-485c-92b7-2ae033781b07','Louvenia','Huel','F','2022-10-20T22:46:42.725Z','N',true),
('8fc7a5bc-427f-49a1-b3ad-dad5248909f3','eaac47b0-5eca-4912-adaf-cdbc78b7c150','Felipa','Bergnaum','M','2023-11-28T11:00:53.352Z','2',true),
('212dd384-dd4b-4361-a703-714faaf00959','f8741f92-3c6f-4731-a790-74afa13c1ec8','Everett','Pollich','M','2021-12-14T03:18:32.638Z','1',true),
('8d0b21d8-e7e5-4678-8a70-114b241ae3df','f8741f92-3c6f-4731-a790-74afa13c1ec8','Maci','Pollich','F','2022-08-22T03:03:27.977Z','6',false),
('dc9325b8-7dc5-4602-8bed-f6d7041f1754','591e39e1-4510-4c5d-b835-958b974727d6','Eduardo','Streich','M','2023-01-13T06:30:58.201Z','N',true),
('f3b49938-d95b-4f3d-9f82-0238b7b90012','9ee22739-5ed9-4029-b6cb-970fe990ab30','Miles','Runolfsdottir','F','2022-01-23T06:32:58.848Z','6',false),
('a75cbf9c-4230-4856-8b86-30036231024e','e03a65d7-08b7-4dc2-b6ea-f05064efb00a','Yoshiko','Buckridge','M','2021-10-29T02:46:13.356Z','1',true),
('6d5b49a1-89a6-40fa-8000-3644caaf58e8','9ad38083-fe7a-495d-8527-615afdcb1aac','Heber','Cartwright','M','2023-03-15T10:20:11.713Z','N',false),
('63188c6e-476e-4714-8d01-62b1be49ca3f','9ad38083-fe7a-495d-8527-615afdcb1aac','Freeda','Cartwright','M','2022-04-30T02:57:41.267Z','5',true),
('2d0067ed-7b6c-4df1-bc97-d60648343c6f','9ad38083-fe7a-495d-8527-615afdcb1aac','Concepcion','Cartwright','M','2022-10-21T13:20:47.448Z','6',true),
('1055ec3e-5e9a-4cf4-bc4b-a68976f3ad60','9ad38083-fe7a-495d-8527-615afdcb1aac','Rory','Cartwright','M','2021-11-12T00:50:04.853Z','4',true),
('a559b4fe-c83f-47ac-ad8a-9fd5d3706b3f','5a4b6f9b-8c6e-4e63-b33a-59f2ef527af3','Jaquelin','Mraz','F','2023-09-14T12:56:06.579Z','2',false),
('2927e5fa-2eb2-41b7-b6fb-d416fae09b84','5a4b6f9b-8c6e-4e63-b33a-59f2ef527af3','Kailyn','Mraz','F','2023-05-11T15:55:09.475Z','5',true),
('c0b0a574-93fb-4871-9932-03648aabaf8d','5a4b6f9b-8c6e-4e63-b33a-59f2ef527af3','Beatrice','Mraz','M','2021-09-01T13:23:42.825Z','6',true),
('f0d841ee-a0b7-4d88-97ad-0970b7d3ca6f','5a4b6f9b-8c6e-4e63-b33a-59f2ef527af3','Delphine','Mraz','M','2021-11-20T08:56:17.554Z','N',true),
('2de9dff2-94ff-479c-8f1f-36899756f2c5','1821db69-8d08-4302-94b3-1fc7f1e63912','Jordy','Jast','F','2023-05-29T13:07:17.942Z','1',true),
('3c1b1742-6d50-4869-9730-766e44954a2f','1821db69-8d08-4302-94b3-1fc7f1e63912','Keyon','Jast','M','2023-12-16T00:24:35.132Z','4',true),
('f8c29a0d-17f0-450b-ac6f-35e401491529','1821db69-8d08-4302-94b3-1fc7f1e63912','Orie','Jast','M','2022-11-12T18:28:31.659Z','7',true),
('d8d5d821-4294-4154-8df8-76713b715499','5b62726d-a6e0-4198-8d32-7262f3f0f83b','Zachary','Bruen','F','2021-10-18T20:22:17.484Z','5',true),
('198ec8b4-5541-44ba-9c10-289796217ad6','5b62726d-a6e0-4198-8d32-7262f3f0f83b','Haskell','Bruen','M','2023-12-21T23:31:34.152Z','3',false),
('3c61cd5d-91f6-476b-bb64-3e31b36ab188','3d487871-5645-4187-beec-00654d2310c7','Lorena','Connelly','M','2022-08-22T21:38:28.787Z','3',true),
('d2b6ffe4-a447-4154-b74c-c96fc0b75497','3d487871-5645-4187-beec-00654d2310c7','April','Connelly','M','2023-11-16T22:21:47.274Z','6',true),
('59c109f2-3b5c-41e1-9e36-082cc5c4eb07','80573c19-1cee-4975-9929-76dfac8b6f9a','Monroe','West','M','2022-09-27T14:51:29.968Z','1',false),
('14556201-905b-4311-b462-bd98401a2dfc','38341a3b-1bb1-4a70-a3ad-82d4be7d4da8','Alivia','McLaughlin','F','2022-11-02T05:49:53.134Z','2',true),
('22a152b7-f473-454a-9c07-dedf47b9cf5a','38341a3b-1bb1-4a70-a3ad-82d4be7d4da8','Fabian','McLaughlin','F','2022-03-10T02:53:09.702Z','6',true),
('4a5d64eb-5b2c-40ef-b263-76dd2044be7a','38341a3b-1bb1-4a70-a3ad-82d4be7d4da8','Nicole','McLaughlin','M','2021-08-20T20:31:58.604Z','4',true),
('c4c0527b-fe1e-4a12-a3a0-fa970642eaaa','a08d68ab-ae15-41ed-9731-ec6d10926ea3','Everardo','Prohaska','F','2022-05-14T10:16:56.236Z','2',true),
('88b8d077-13db-4ced-810e-af44088da15a','a08d68ab-ae15-41ed-9731-ec6d10926ea3','Gonzalo','Prohaska','F','2022-10-10T00:20:46.096Z','3',true),
('8908dabb-4294-4cc7-a6a7-b1e35ace88aa','a08d68ab-ae15-41ed-9731-ec6d10926ea3','Josephine','Prohaska','M','2022-05-15T13:55:35.974Z','2',false),
('44115ca6-6480-42e6-9e58-31c165c752a2','f8912265-b88e-494a-97cd-66acf608be16','Larissa','Franecki','F','2022-01-03T13:07:58.986Z','3',false),
('e4adbd9f-c1ea-4d20-bc1b-3d1a5b518827','1a85faa2-d7e8-4b0f-a6cd-e3fb848632d9','Shaina','Emmerich','M','2021-09-03T07:21:28.284Z','4',true),
('19901b04-ff2c-4cc7-bc49-86b6a24e1b1d','1a85faa2-d7e8-4b0f-a6cd-e3fb848632d9','Ryann','Emmerich','F','2022-01-23T17:49:48.081Z','3',true),
('619ec213-1baf-4799-8d7e-31e4df9f4826','1a85faa2-d7e8-4b0f-a6cd-e3fb848632d9','Chris','Emmerich','F','2022-03-25T14:44:29.775Z','5',false),
('612afa3a-ad02-486b-827d-92ca8e41e571','934c28bd-eb4b-413e-9d9b-63a77745f65c','Rowland','Hegmann','M','2021-12-18T09:22:04.236Z','4',true),
('89402b1c-c1ac-475f-bb70-36d2854f7a34','934c28bd-eb4b-413e-9d9b-63a77745f65c','Gregory','Hegmann','M','2023-02-05T14:03:01.188Z','3',false),
('5775ff2a-700b-4cc3-8e79-2acbc56f8936','934c28bd-eb4b-413e-9d9b-63a77745f65c','Adrien','Hegmann','F','2022-07-08T00:11:20.376Z','2',false),
('8351ae53-e8fb-494d-a7e3-b216f7a75ffa','934c28bd-eb4b-413e-9d9b-63a77745f65c','Romaine','Hegmann','F','2022-09-29T08:01:19.589Z','2',false),
('300498c0-11a3-4f4e-b894-a9e76028a781','51ec88bf-989f-48c0-872f-6ae83703408c','Jed','Gleason','M','2022-02-12T19:57:40.235Z','1',true),
('cca4db72-0351-4b0c-acc0-facacf18f1df','51ec88bf-989f-48c0-872f-6ae83703408c','Destiny','Gleason','M','2021-08-26T06:40:53.169Z','1',true),
('c1234804-8dad-4b12-9290-183707c7e67e','feecb24c-9735-4130-a64b-a2b58240e4f7','Kattie','Boehm','M','2022-09-07T06:37:10.447Z','2',true),
('a4dc3806-131c-45a6-820c-afb1e4dc8b8d','feecb24c-9735-4130-a64b-a2b58240e4f7','Ivory','Boehm','M','2023-05-28T17:50:47.409Z','6',true),
('df9c1e36-003a-479e-99e5-81165811bd25','feecb24c-9735-4130-a64b-a2b58240e4f7','Horacio','Boehm','F','2023-06-08T22:11:37.153Z','N',true),
('ece76832-1c34-409f-841e-122da2186cf0','feecb24c-9735-4130-a64b-a2b58240e4f7','Daryl','Boehm','F','2022-04-24T22:03:34.104Z','6',true),
('b27cd682-025d-4901-a4a4-94292f7b8242','6d5cb37c-826b-4fb8-a679-04c455764732','Yesenia','Price','F','2021-09-07T17:08:08.394Z','5',true),
('ebd06530-2303-49e2-99f7-75b024841bad','f51975dc-2df0-4a74-a156-693502c84d06','Antwan','Hane','M','2022-10-12T16:10:44.196Z','5',true),
('b2653fc1-f81d-4e37-8d09-ccc9ad966859','1c2591eb-2ee1-429c-886d-d01f4c5a91a7','Rashawn','King','F','2022-05-14T09:54:29.501Z','6',true),
('de8a21cb-4f1f-41bd-a81b-f15c80003ede','1c2591eb-2ee1-429c-886d-d01f4c5a91a7','Benny','King','F','2022-09-17T10:37:08.302Z','4',true),
('54639294-02da-4385-9334-b50126c9e48c','1c2591eb-2ee1-429c-886d-d01f4c5a91a7','Polly','King','F','2022-03-12T22:06:45.485Z','3',true),
('a444e4e7-ec51-4e47-9fa6-1ad2e15e744f','6e2f841d-631f-45a7-9b5d-21eca699107a','Julie','Windler','M','2023-04-30T18:47:04.127Z','1',false),
('e02a309c-2a35-42cc-a22c-93551f0d0d8f','6e2f841d-631f-45a7-9b5d-21eca699107a','Karen','Windler','M','2024-01-09T18:50:08.614Z','N',true),
('c8059aeb-6136-4428-9a4d-4afe1a277180','6e2f841d-631f-45a7-9b5d-21eca699107a','Angel','Windler','F','2021-10-12T16:27:15.122Z','1',true),
('fd2b2af6-e41a-46ef-9f8f-8a91ba406386','a740f9d8-3b97-4634-b6c8-4bca1a1807ad','Tracy','Lowe','F','2023-06-14T22:10:21.621Z','4',true),
('195b8df0-4474-4dc4-8eb6-9442ec6d5ae6','a740f9d8-3b97-4634-b6c8-4bca1a1807ad','Shaylee','Lowe','M','2021-10-26T11:13:05.051Z','1',false),
('a8932419-6115-46dc-a094-12fc299da41e','61bfaa9c-bad9-43c4-acad-e5bbdd166494','Electa','Hammes','M','2022-07-30T02:38:16.354Z','1',true),
('3b758a82-c6fb-4a71-b249-d1be35e32d2b','61bfaa9c-bad9-43c4-acad-e5bbdd166494','Buster','Hammes','M','2021-12-27T11:32:26.929Z','3',true),
('1771bb19-96dd-4ede-9d96-360655539956','31866d3c-5a2f-43dd-a82e-3ad228023da8','Zander','Grimes','M','2021-11-19T06:44:13.757Z','2',true),
('fad82381-9e4e-406d-8f1d-394c4c01b7f0','cb0fe910-2e3b-4456-a4c0-92638f6f2f6b','Norberto','Swift','M','2022-09-26T07:45:11.834Z','N',true),
('cf96774d-63d9-4aca-b57a-b072d067206a','6c6561e8-a465-49ed-8bfc-1f61d2ee258a','Vladimir','Leannon','F','2022-04-11T00:55:24.594Z','N',true),
('563b429e-05bf-4f68-a04f-32203e2e2234','dc7955c5-3941-4478-b6c8-16a8d4d3a088','Letha','Dach','M','2021-08-13T21:30:08.218Z','1',false),
('fa7c034f-6ec1-4b73-9aa5-6f09bb0adf28','dc7955c5-3941-4478-b6c8-16a8d4d3a088','Letha','Dach','M','2023-02-08T14:21:30.667Z','1',true),
('ba652fcf-b5cc-41e2-810a-ed5ddaf7548e','dc7955c5-3941-4478-b6c8-16a8d4d3a088','Bret','Dach','F','2023-11-21T02:30:45.338Z','5',true),
('e6783aa4-2719-4ef9-8f87-3ad764996690','dc7955c5-3941-4478-b6c8-16a8d4d3a088','Salvatore','Dach','F','2022-11-18T20:47:22.382Z','6',true),
('200f659b-b5cf-44c9-8517-45b322e2df17','17b0ba84-a277-49b8-9aa1-a54f6fb3ccaa','Zachary','Beier','M','2023-03-14T17:46:57.798Z','3',true),
('8c0300e6-ec7d-472c-9482-6fa05ff5b2a8','17b0ba84-a277-49b8-9aa1-a54f6fb3ccaa','Ayana','Beier','M','2022-04-10T17:40:21.482Z','1',true),
('6f365e93-2920-4c95-a182-65319ffb35d4','17b0ba84-a277-49b8-9aa1-a54f6fb3ccaa','Ned','Beier','F','2023-07-19T09:19:09.886Z','6',true),
('01270be6-314e-4131-8ea8-1fee2e532845','ce6fde5a-01c4-4dad-bae6-8e280ab6f1a4','William','Bogisich','M','2022-08-29T05:07:26.682Z','2',true),
('0929b7aa-566c-4927-a3c5-c64a21abc273','ce6fde5a-01c4-4dad-bae6-8e280ab6f1a4','Maximillian','Bogisich','F','2023-10-25T11:10:54.145Z','5',true),
('16497074-d99e-4aee-b1e0-b6c9d203f6b7','ce6fde5a-01c4-4dad-bae6-8e280ab6f1a4','Breanna','Bogisich','M','2022-08-25T07:28:29.182Z','6',true),
('c3d678f3-4e25-4151-9a61-24a1dffc2f1a','ce6fde5a-01c4-4dad-bae6-8e280ab6f1a4','Keven','Bogisich','M','2023-12-09T21:20:48.913Z','N',true),
('26dd084a-7faa-4e00-a1a3-7f0898c79320','6e91272c-e7bd-453d-ad84-49e98dbc9704','Brianne','Mraz','F','2023-06-26T12:23:01.017Z','1',false),
('09fd2ec8-43d0-4512-91b8-d3e9add191c8','6e91272c-e7bd-453d-ad84-49e98dbc9704','Demetrius','Mraz','M','2021-10-04T01:36:39.999Z','2',true),
('04fa66a5-7030-4abb-90fe-87d60e01e04c','6e91272c-e7bd-453d-ad84-49e98dbc9704','Stanley','Mraz','M','2024-01-09T00:45:14.376Z','2',true),
('8f703402-a88d-44a6-8b45-6fa6722089ce','6e91272c-e7bd-453d-ad84-49e98dbc9704','Lura','Mraz','M','2021-10-07T15:21:40.359Z','1',true),
('7c15d988-4046-40de-bd1d-ec3874002fbb','5e3e469c-9964-459c-81a9-545bdf1a2bf7','Roxanne','Veum','M','2022-03-14T08:36:23.547Z','3',true),
('6e460953-76c6-4e4e-9f0d-f3fd4ffb831e','5e3e469c-9964-459c-81a9-545bdf1a2bf7','Chance','Veum','M','2021-08-26T13:22:45.772Z','2',true),
('3e4292a1-f49c-4e42-9aad-1e69fc977bff','5e3e469c-9964-459c-81a9-545bdf1a2bf7','Verdie','Veum','M','2024-01-05T10:13:43.335Z','6',true),
('cd6eae20-ec05-443d-81b0-61d7a91b73ac','4600bfb4-45c0-4072-81b6-21c60888bb4d','Oran','Wilkinson','M','2023-09-11T08:20:43.313Z','6',true),
('44ed4fb0-9e84-43b2-b66a-c1769c86a54e','4600bfb4-45c0-4072-81b6-21c60888bb4d','Mortimer','Wilkinson','M','2023-12-19T06:36:39.798Z','4',false),
('d1a0a8ed-c55e-4d7c-bfba-5baafc7d2230','4600bfb4-45c0-4072-81b6-21c60888bb4d','Kellen','Wilkinson','M','2021-12-18T10:50:31.142Z','2',false),
('f59c0674-34ac-40bb-b04f-95e509dc164a','5d73f2d8-22cb-4faf-8be9-2083f7c89dd8','Josue','Frami','F','2023-02-08T02:56:42.061Z','4',true),
('3414b1a6-c0ea-4cbd-a1d5-43a70ccbda97','861896af-04a7-44e2-a9e4-615b24aa9166','Karina','Flatley','F','2023-12-13T23:53:15.168Z','6',true),
('acb842e7-7a5e-4dec-be1b-715b1db44a39','861896af-04a7-44e2-a9e4-615b24aa9166','Cassandre','Flatley','F','2023-03-06T03:47:22.691Z','2',true),
('d738f7f2-a43d-47b1-a9ab-c8d52b09be5e','0197813b-c0d5-40b4-af83-18593ff73195','Karianne','Yost','M','2023-06-06T18:54:32.596Z','4',true),
('7b6091da-6476-4151-8fe4-10a027606892','0197813b-c0d5-40b4-af83-18593ff73195','Effie','Yost','M','2022-05-11T04:15:20.114Z','N',false),
('41504ec4-8f5a-4e8e-9727-c18c52bb5f95','0197813b-c0d5-40b4-af83-18593ff73195','Alf','Yost','M','2022-07-31T08:24:59.542Z','1',true),
('681ad16e-d444-4805-ac9e-b3abfc13b80e','0197813b-c0d5-40b4-af83-18593ff73195','Zackary','Yost','M','2023-03-15T23:03:13.579Z','4',true);
