
DELETE FROM order_record;
DELETE FROM deliverer;
DELETE FROM parent;
DELETE FROM kid;

INSERT INTO deliverer (id, name, email, phone_number, is_active) VALUES
('321ad491-ab2d-4e92-83be-052dd8d95439','Leslie Herzog','Bergnaum.Daryl@hotmail.com','782-882-5961',true),
('a05f02c9-71fa-48bd-b304-f118b69f9782','Theo Hagenes','Kamille.Hackett@gmail.com','340-809-7230',true),
('556cfa0a-911c-4e42-b7f9-5df4fbfb1aa7','Bianka Legros','Howell.Kirk@Weimann.info','487-008-4433',false),
('1f24e57b-40c6-497b-a29a-439f682e7300','Francesco Sporer','Kunze_Luna@gmail.com','433-275-4006',true),
('153d93ca-69c5-4abf-bd60-bcbb5a8215d6','Coralie Ledner','Rempel.Burdette@Bosco.tv','464-750-5188',true),
('6a26e21c-36df-445d-8551-87283c722d25','Oleta Zulauf','Abdiel.Mills@yahoo.com','742-895-7061',true),
('62f9e9fe-f09e-4db4-ae96-fb0c25a6699f','Keith Kemmer','Romaguera.Amira@yahoo.com','601-560-8567',false),
('88888f2a-6373-4b16-9f84-13e45bd894b3','Meredith Greenfelder','Langworth_Tillman@Larue.biz','192-291-1849',true),
('31b0a932-0bfc-4723-99e3-bf272010b187','Gladyce Wunsch','Augustine.West@Violet.us','573-917-9693',true),
('72b27864-b58e-4e17-960f-67dec424d03d','Jazmyne Weber','Ronny.Schmidt@Emanuel.name','650-215-5880',true),
('3d9ac9c5-84f5-4561-afc9-cc0d5a06c4f6','Matilda Runolfsdottir','Ebert.Elsa@Collier.info','235-094-3440',true),
('d877ded0-db00-4530-b71d-b9fea374fcf0','Lawson Wiegand','Alvah.Labadie@Lorenzo.org','091-886-9670',true),
('67ad2635-147d-4870-8c58-4cf17c25ae91','Irma Stark','Taryn_Stehr@yahoo.com','778-972-3166',false),
('10754916-ba09-4ba5-89bc-ecff86ceced1','Jedediah Schiller','McGlynn.Moshe@hotmail.com','829-222-3195',false),
('ef1cb96d-f321-412d-8567-d8807efa4fef','Cicero Haag','Arnoldo.Shanahan@Bernhard.us','641-421-1978',true),
('7d1b8230-a532-4185-a647-dd795c319121','Dylan DuBuque','Carey.Stroman@hotmail.com','204-647-9908',true),
('4e3aa870-13f9-4328-a70a-1dff96adaaa4','Lisandro Romaguera','Zelda_Deckow@Viola.ca','498-360-9118',false),
('e5688753-ce14-4ebf-828b-8c9276c68939','Louie Goyette','Eden.Robel@yahoo.com','957-017-4132',false),
('30251112-4a78-4cbf-ba9f-1f93412063dd','Vicente Cronin','Marcella.Weber@Hildegard.ca','260-319-2401',true),
('760caf9a-b18c-40b0-ac66-97c46999af1d','Hilma Kilback','Pasquale.Hauck@yahoo.com','462-054-4725',true);

INSERT INTO parent (id, first_name, last_name, address, city, zip, phone_number, country_of_origin, rough_family_income, is_active, deliverer_id) VALUES
('387b99c7-bae3-44ac-82e5-4a7622172aa7','Vance','Collier','574 Odessa Club','Kutchland','35968-5266','207-024-9587','Malta',20000,true,'a05f02c9-71fa-48bd-b304-f118b69f9782'),
('35f1846f-f0d1-4e0e-b5d9-6c141c640a4f','Karianne','Raynor','789 Aubrey Knolls','New Linamouth','57337','514-809-3508','Cote d''Ivoire',15000,false,'153d93ca-69c5-4abf-bd60-bcbb5a8215d6'),
('7820a962-59c2-4d56-bad9-16c87d5707c7','Albina','Keebler','3642 Fidel Valleys Apt. 839','South Clementina','69039','203-811-7179','Samoa',45000,true,'30251112-4a78-4cbf-ba9f-1f93412063dd'),
('aa263a78-7d27-4657-8613-906b06ebf0e5','Stephany','Hessel','84 Micheal Courts','Moisesstad','69233-5952','639-669-4737','Equatorial Guinea',35000,true,'760caf9a-b18c-40b0-ac66-97c46999af1d'),
('cb933174-a222-4ee4-85ec-7e686aa423e0','Chadrick','Hoppe','352 Nova Forge Suite 070','Lake Whitney','32906-0266','778-135-9261','Cambodia',50000,false,'153d93ca-69c5-4abf-bd60-bcbb5a8215d6'),
('0387063f-1ba5-43da-a03a-4269c11f0314','Sarina','Wolff','408 Rohan Wall Suite 659','East Frieda','54478','548-706-3977','Canada',15000,true,'321ad491-ab2d-4e92-83be-052dd8d95439'),
('a6c8874c-3ca4-47bc-b89b-471f6c3d8d42','Joshuah','Hayes','012 Joany Hollow Suite 050','South Sherwood','95043-7186','462-892-9521','Somalia',45000,true,'1f24e57b-40c6-497b-a29a-439f682e7300'),
('abd2c8a5-08a9-43c1-a035-c49e19cfb417','Justyn','Sporer','036 Schamberger Mountains','North Travon','62757','385-508-4089','Georgia',0,true,'a05f02c9-71fa-48bd-b304-f118b69f9782'),
('454086f3-b15b-407a-a00b-5e92f4ab93fa','Hortense','Rutherford','611 Mills Wells','Pfefferhaven','10025-9315','253-368-6188','Faroe Islands',5000,true,'31b0a932-0bfc-4723-99e3-bf272010b187'),
('7fe706a3-757d-4655-ba98-939f1b72eb91','Cyrus','Koss','069 Runolfsson Isle Apt. 828','East Pansy','42264-8826','115-444-6756','Netherlands Antilles',30000,true,'ef1cb96d-f321-412d-8567-d8807efa4fef'),
('c34ebe45-420f-414f-8bc7-f59c4f7d97db','Carlos','Koch','66 Skiles Mountains','Hilpertshire','73713','396-867-0675','French Polynesia',30000,false,'3d9ac9c5-84f5-4561-afc9-cc0d5a06c4f6'),
('aa70cc3f-fba7-48b5-9cbd-6f1bfac9989a','Eldon','Effertz','89 Kailyn Lodge','West Stan','94616','828-020-9252','Honduras',25000,true,'321ad491-ab2d-4e92-83be-052dd8d95439'),
('d3ab7f3d-d816-4b65-8812-16c66b867c8c','Jamaal','Jerde','555 Johan Villages Suite 116','New Rossieberg','86949','044-740-3865','Liberia',35000,true,'760caf9a-b18c-40b0-ac66-97c46999af1d'),
('35dc5189-b472-4a61-8cc2-bf12f925ef35','Mariana','Considine','357 Tyson Street','South Kaiachester','77205','161-135-9333','Saint Pierre and Miquelon',0,true,'1f24e57b-40c6-497b-a29a-439f682e7300'),
('e747e712-d69f-41fc-9b94-1bfd8838b89e','Viva','Kilback','447 Erik Lakes','Greenholtburgh','70328','435-550-7351','Belgium',5000,false,'a05f02c9-71fa-48bd-b304-f118b69f9782'),
('16f9c688-ee91-4e31-aeb6-340fbc2f4991','Vergie','Reilly','753 Mraz Ports','North Ryan','53836','045-141-7959','Tokelau',50000,true,'3d9ac9c5-84f5-4561-afc9-cc0d5a06c4f6'),
('c40f89d8-0a7c-4175-9729-75441fa1875b','Merle','Prohaska','74 Daisy Mountains','Powlowskiberg','88638','549-703-8690','Sierra Leone',20000,true,'88888f2a-6373-4b16-9f84-13e45bd894b3'),
('c5b34444-eb50-4385-8b2a-39cc75af5f5c','Vena','Schuster','5043 Dawson Tunnel','New Alexandrefurt','21211-0697','889-868-2614','Nepal',5000,true,'31b0a932-0bfc-4723-99e3-bf272010b187'),
('1e0d0a5e-a300-43ee-8054-678e38b9bf7c','Elfrieda','Howell','8673 Kunde Motorway','Ledahaven','76358-4855','177-879-6859','Peru',15000,true,'6a26e21c-36df-445d-8551-87283c722d25'),
('535a0cc6-a48d-4130-905d-d602d5bacbcd','Bianka','Wintheiser','53 Rowe Meadows Apt. 686','West Edythe','58742-2046','853-143-7849','Sri Lanka',40000,true,'88888f2a-6373-4b16-9f84-13e45bd894b3'),
('3861c972-71b1-4a65-a019-100fae46ccc4','Darian','Kozey','57 Friesen Corner Apt. 708','South Marshallhaven','62143-8975','061-218-0178','Belize',40000,true,'7d1b8230-a532-4185-a647-dd795c319121'),
('26a65863-3131-46bd-a428-7b75a8bf8dba','Adrienne','Bashirian','195 Gretchen Key','East Isai','88625','704-504-2594','Luxembourg',35000,true,'30251112-4a78-4cbf-ba9f-1f93412063dd'),
('980b8933-4fd5-4806-a65c-84b5da54f1f9','Sean','McDermott','92 Batz Drives Apt. 057','Schowalterland','36066','246-027-4279','Philippines',15000,false,'d877ded0-db00-4530-b71d-b9fea374fcf0'),
('784ed758-bcff-4f4c-8e57-1ddb52e7b85d','Kaylie','McGlynn','090 Sammy Drive','Lake Hugh','85924','378-077-9951','Somalia',35000,true,'6a26e21c-36df-445d-8551-87283c722d25'),
('0bfadd42-c569-411b-839e-6c3bbf1302dc','Nakia','Gottlieb','540 Stanton Locks','Port Claudia','92551','327-955-8216','United States of America',0,true,'30251112-4a78-4cbf-ba9f-1f93412063dd'),
('fe2881b2-29a0-4e21-afc6-7ccfdd1b2721','Kayleigh','Jacobi','901 Wehner Unions Apt. 236','Hankborough','61953-1423','636-384-5602','Isle of Man',25000,false,'31b0a932-0bfc-4723-99e3-bf272010b187'),
('f8f78cd5-24f6-437d-87ba-c8272206077c','Carrie','McKenzie','071 Mable Road','Matildaborough','79772','686-171-0534','Cayman Islands',10000,false,'ef1cb96d-f321-412d-8567-d8807efa4fef'),
('928178cd-efc7-4759-88ea-b7bebdf719f3','Monica','Wunsch','08 Laury Pass Apt. 994','Destineyberg','52656-3012','417-049-9265','Luxembourg',45000,true,'72b27864-b58e-4e17-960f-67dec424d03d'),
('93e9cf15-39ae-4d38-a9e4-f74a857274b1','Esther','Pagac','357 Annamarie Vista','Stephonland','55999','853-631-6891','Cyprus',10000,true,'760caf9a-b18c-40b0-ac66-97c46999af1d'),
('fc789ac1-436f-460c-aa36-8c59b510be72','Mack','Keebler','701 Cruickshank Lane','Lake Timmothy','84849-7461','130-101-2448','Bangladesh',25000,true,'88888f2a-6373-4b16-9f84-13e45bd894b3'),
('1b834633-a298-400b-85eb-7f422be1881c','Golda','Wyman','894 Schmidt Grove Suite 613','South Jillianview','92610-1558','587-781-2977','Rwanda',45000,true,'72b27864-b58e-4e17-960f-67dec424d03d'),
('05af6d78-1bda-4711-9971-febbb34c05b0','Mariela','Carroll','48 Otis Ranch Suite 584','West Peggie','80317','117-629-0247','Lesotho',25000,true,'88888f2a-6373-4b16-9f84-13e45bd894b3'),
('eb0a55a0-f4df-44ae-b186-e65a00d8fdf0','Nels','Becker','0233 Johns Mall Apt. 237','Jenkinsmouth','76881','495-769-8677','Ethiopia',50000,true,'a05f02c9-71fa-48bd-b304-f118b69f9782'),
('2bbaad82-6625-4762-861d-4251cbeea8ba','Rebeca','Jakubowski','300 Brendan Lights','Kevenmouth','53659','253-465-7270','Australia',40000,true,'d877ded0-db00-4530-b71d-b9fea374fcf0'),
('7fc077ae-9b56-4225-9b8c-0feb19bf1b90','Roger','Rohan','99 Mohr Alley Apt. 483','Elliottborough','39671','185-831-6221','Sierra Leone',45000,false,'72b27864-b58e-4e17-960f-67dec424d03d'),
('6e5f801e-3fd0-488b-b4e0-7543f52f8dd9','Jeramie','Schamberger','014 Elmo Garden','Lake Willis','30689-1217','543-352-1603','Pitcairn Islands',10000,true,'88888f2a-6373-4b16-9f84-13e45bd894b3'),
('a32cdf4f-3313-46b0-9327-9a024a03d505','Arvilla','Roob','29 Zemlak Mission','Cleohaven','73681','949-636-1113','Turkey',5000,true,'7d1b8230-a532-4185-a647-dd795c319121'),
('dfa5c105-eafc-44a0-8f5d-d6c18017acc2','Rodrigo','Lockman','76 Libby Walk Apt. 707','Auerhaven','18411-7027','337-909-7407','Hungary',20000,true,'72b27864-b58e-4e17-960f-67dec424d03d'),
('d3693cec-a420-4f03-b132-311f2fe6c28e','Raina','Block','9624 Genesis Locks Suite 721','Lake Evert','95843-3901','862-606-9888','Slovenia',30000,true,'30251112-4a78-4cbf-ba9f-1f93412063dd'),
('4dfca43f-2f33-4d26-8b62-8dd71c2f4c66','Hailie','Frami','63 Jerald Cape Suite 448','Port Noeberg','36276-8053','685-168-6936','Georgia',45000,true,'72b27864-b58e-4e17-960f-67dec424d03d'),
('44103347-0594-4981-b416-3a141ff8684d','Vidal','Stark','5718 Nienow Squares','New Emiliano','94474','980-507-7320','Georgia',40000,true,'88888f2a-6373-4b16-9f84-13e45bd894b3'),
('08fa6991-59a5-4176-985e-8f5226dba7d5','Stefanie','Hessel','619 Fredy Oval','Ivoryville','42353','637-053-9062','Pitcairn Islands',45000,false,'153d93ca-69c5-4abf-bd60-bcbb5a8215d6'),
('a257440e-3f31-497d-9481-5f167c658581','Stephanie','Schimmel','76 Sanford Island Apt. 613','Elmoborough','96274-5617','442-698-5257','Lebanon',30000,true,'88888f2a-6373-4b16-9f84-13e45bd894b3'),
('2f015ee2-5668-4458-a3be-d9644919bfec','Amani','Goyette','458 Welch Gardens','West Clementina','35944','218-402-4120','Angola',15000,true,'7d1b8230-a532-4185-a647-dd795c319121'),
('5f8e6331-5dfc-44b4-a728-a2d182f03737','Lucio','Walter','1007 Kris Ports','East Rosalynview','68609-5096','172-675-2296','Cuba',25000,true,'d877ded0-db00-4530-b71d-b9fea374fcf0'),
('4c7ad98c-72f2-4954-9cba-230011dfe67b','Rolando','Berge','868 Gaylord Lodge','Heathcoteton','96387','342-082-2096','Hungary',10000,true,'3d9ac9c5-84f5-4561-afc9-cc0d5a06c4f6'),
('644e5eb6-eeb8-4577-a1ae-cec05d5d3371','Karl','Smith','226 Michele Fork','Lake Katarina','08632','014-272-5084','Jamaica',45000,true,'153d93ca-69c5-4abf-bd60-bcbb5a8215d6'),
('a75a7b9d-06e1-4efa-92ee-5e44911c7721','Alexandrea','Bernhard','4659 Skiles Mill','Lionelland','78481','483-453-1795','Netherlands',10000,true,'a05f02c9-71fa-48bd-b304-f118b69f9782'),
('f078c8aa-a669-4cf4-98da-a88a8fde6bb8','Wendell','Mosciski','511 Crooks Dam','South Jannietown','55219-1535','778-087-0432','Israel',35000,true,'321ad491-ab2d-4e92-83be-052dd8d95439'),
('fbc7e28e-2d24-4165-b8d2-210ffb4cd1c5','Candido','Kirlin','57 Vernon Parkways Apt. 337','South Germanfort','45317-9840','792-761-2051','France',0,true,'ef1cb96d-f321-412d-8567-d8807efa4fef');

INSERT INTO kid (id, parent_id, first_name, last_name, birth_date, diaper_size, is_active) VALUES
('2b6e22ea-87c5-43aa-81a7-6c4b1aac995f','387b99c7-bae3-44ac-82e5-4a7622172aa7','Idella','Collier','2022-09-25T18:18:15.839Z','N',true),
('099d6035-533b-4c6f-bc85-0da01817ae32','35f1846f-f0d1-4e0e-b5d9-6c141c640a4f','Talia','Raynor','2021-09-06T11:47:27.483Z','N',true),
('36a864e0-98ea-48bd-b4ed-a1d97cf49dfd','35f1846f-f0d1-4e0e-b5d9-6c141c640a4f','Sandrine','Raynor','2022-04-19T15:01:44.887Z','4',true),
('e2f2c6c6-0497-4e4a-9a5f-6016def3569c','7820a962-59c2-4d56-bad9-16c87d5707c7','Pierce','Keebler','2022-09-01T17:12:16.864Z','5',true),
('44575f7f-4d1d-4773-96ee-f75799d9be71','7820a962-59c2-4d56-bad9-16c87d5707c7','Arvid','Keebler','2021-10-19T18:35:06.367Z','3',true),
('4c88973b-51a7-4f60-b0fb-4b246f5d416c','7820a962-59c2-4d56-bad9-16c87d5707c7','Mazie','Keebler','2023-09-27T11:48:31.751Z','5',false),
('36196bf4-a047-415d-8197-f8920adcdc03','aa263a78-7d27-4657-8613-906b06ebf0e5','Jerrell','Hessel','2022-07-21T16:32:42.409Z','4',false),
('e505107d-2b85-46ca-ba07-b3e3f7c3d085','cb933174-a222-4ee4-85ec-7e686aa423e0','Lori','Hoppe','2022-12-31T16:23:59.643Z','2',true),
('49f81484-7cc6-41af-8612-eb13b4f67f13','cb933174-a222-4ee4-85ec-7e686aa423e0','Jacynthe','Hoppe','2022-08-07T20:39:12.631Z','6',false),
('dde9e718-80af-43b5-ac98-5bf5dfa33547','0387063f-1ba5-43da-a03a-4269c11f0314','Marlin','Wolff','2023-06-14T06:03:42.414Z','4',false),
('df92274b-f237-4528-b167-0b8187619c67','0387063f-1ba5-43da-a03a-4269c11f0314','Fanny','Wolff','2022-04-04T01:46:55.541Z','1',true),
('5883cbe4-a189-475e-a743-d3ca4a735a71','0387063f-1ba5-43da-a03a-4269c11f0314','Jamel','Wolff','2021-12-15T15:17:15.975Z','6',false),
('9e9f9de7-be5c-46e9-811b-a9f54827737d','a6c8874c-3ca4-47bc-b89b-471f6c3d8d42','Sedrick','Hayes','2022-06-25T10:37:53.620Z','2',true),
('e09d05a9-5569-4578-94b1-8b43df69edf5','a6c8874c-3ca4-47bc-b89b-471f6c3d8d42','Kaelyn','Hayes','2021-09-05T07:15:01.849Z','7',true),
('8be02081-bcf6-4208-98f2-ef5fa1f3bb6a','abd2c8a5-08a9-43c1-a035-c49e19cfb417','Cordie','Sporer','2021-10-16T10:49:05.367Z','2',true),
('5d982bb1-63d6-40c9-a9a7-937996d09710','abd2c8a5-08a9-43c1-a035-c49e19cfb417','Rosendo','Sporer','2023-02-10T10:04:05.436Z','6',true),
('1d859ee5-665c-472f-adbb-d949c9211f7a','abd2c8a5-08a9-43c1-a035-c49e19cfb417','Heather','Sporer','2022-09-24T09:19:07.016Z','2',false),
('ca285d0b-c6ac-46d3-bf4f-3944eb596202','454086f3-b15b-407a-a00b-5e92f4ab93fa','Aaron','Rutherford','2023-09-16T06:29:54.141Z','7',true),
('37c977cd-395f-451f-95c4-b46c2a852e09','7fe706a3-757d-4655-ba98-939f1b72eb91','Marta','Koss','2022-12-06T09:09:24.816Z','1',false),
('f0eac936-ba38-4332-a49a-f20a8df112a8','7fe706a3-757d-4655-ba98-939f1b72eb91','Ora','Koss','2022-04-03T20:55:39.447Z','1',false),
('a0c4d132-34c1-43e4-9044-cf11acba80c3','7fe706a3-757d-4655-ba98-939f1b72eb91','Zander','Koss','2022-10-31T23:07:42.174Z','N',true),
('1f3b2364-d536-4e7d-855e-0bbfa76735f4','7fe706a3-757d-4655-ba98-939f1b72eb91','Jennifer','Koss','2023-06-25T09:45:05.426Z','1',true),
('25ff4b22-8e69-4c2e-9bfd-887aa196a318','c34ebe45-420f-414f-8bc7-f59c4f7d97db','Brady','Koch','2023-08-02T15:17:31.036Z','2',true),
('be7f5783-2618-4a81-96d6-65e980405b2f','c34ebe45-420f-414f-8bc7-f59c4f7d97db','Bailey','Koch','2022-04-17T00:30:37.233Z','2',true),
('ae39bfd1-29c0-4f1b-b6df-38e47e1d4d72','aa70cc3f-fba7-48b5-9cbd-6f1bfac9989a','Noe','Effertz','2021-09-07T20:57:27.514Z','3',true),
('ae0d1eea-ed01-4302-b4a9-3b3195b7efd3','d3ab7f3d-d816-4b65-8812-16c66b867c8c','Colin','Jerde','2023-06-23T20:35:28.790Z','3',true),
('10ef67a2-d627-4762-afad-fd62ad19de0f','35dc5189-b472-4a61-8cc2-bf12f925ef35','Wilbert','Considine','2023-09-26T12:29:46.522Z','2',true),
('28a40b8e-2544-4cac-9ce6-4ff535455026','35dc5189-b472-4a61-8cc2-bf12f925ef35','Mohamed','Considine','2022-12-27T14:05:02.196Z','4',true),
('91777672-292a-4595-bbb9-2ff4e179eaf3','e747e712-d69f-41fc-9b94-1bfd8838b89e','Desmond','Kilback','2022-08-10T21:27:25.304Z','7',true),
('888f7689-9665-4dc9-95fd-900b4408e60a','e747e712-d69f-41fc-9b94-1bfd8838b89e','Elmore','Kilback','2023-09-09T14:33:07.693Z','2',true),
('cc84716b-4d41-4c12-b036-e2c8ab9df2f9','16f9c688-ee91-4e31-aeb6-340fbc2f4991','Eleanora','Reilly','2023-12-31T14:41:27.518Z','1',true),
('7473e6c8-68f6-41b1-8188-f9c7d83fd6dc','16f9c688-ee91-4e31-aeb6-340fbc2f4991','Jarred','Reilly','2023-01-19T15:36:45.516Z','1',false),
('d56d0a02-d9c1-4cea-9e4e-cdbd88893981','16f9c688-ee91-4e31-aeb6-340fbc2f4991','Precious','Reilly','2023-10-03T05:51:23.088Z','2',true),
('63f12ecd-c881-4a73-92f7-e4c8e505f1aa','16f9c688-ee91-4e31-aeb6-340fbc2f4991','Lina','Reilly','2022-09-21T23:32:53.238Z','2',true),
('2144a6ea-2303-423a-ae13-ba49b819bb5a','c40f89d8-0a7c-4175-9729-75441fa1875b','Nicklaus','Prohaska','2022-06-17T06:00:56.370Z','N',false),
('8e8e3c06-2992-461a-9281-a9085e55aed8','c40f89d8-0a7c-4175-9729-75441fa1875b','Elise','Prohaska','2023-02-15T06:22:39.531Z','4',true),
('188be914-65f2-4542-b3f8-c435b5739996','c40f89d8-0a7c-4175-9729-75441fa1875b','Kaitlin','Prohaska','2023-02-23T07:58:14.268Z','6',true),
('6d6f8bf1-9dbb-48f9-ac7f-79a2129eb92d','c5b34444-eb50-4385-8b2a-39cc75af5f5c','Ettie','Schuster','2023-04-01T07:05:24.362Z','6',true),
('f0094270-5cf5-45c7-978d-23ede766408f','1e0d0a5e-a300-43ee-8054-678e38b9bf7c','Marcelo','Howell','2023-03-20T03:19:49.480Z','3',true),
('e9143d2c-60ad-4124-ab09-59b2c1d892e8','535a0cc6-a48d-4130-905d-d602d5bacbcd','Giles','Wintheiser','2023-05-17T09:58:54.147Z','4',true),
('a56b53d9-cef0-472d-8159-9e09bf8503b7','535a0cc6-a48d-4130-905d-d602d5bacbcd','Greg','Wintheiser','2022-12-08T16:38:10.913Z','5',true),
('1a94d67a-00a1-4dda-bc2e-e2e6b6d43631','535a0cc6-a48d-4130-905d-d602d5bacbcd','Nellie','Wintheiser','2022-01-13T18:52:06.550Z','6',true),
('396a995b-3b3f-46c9-a129-d76cfbc0c420','535a0cc6-a48d-4130-905d-d602d5bacbcd','Gillian','Wintheiser','2023-11-08T03:28:24.698Z','1',true),
('4eebc1f9-f8ca-479e-9127-fe32fb5ad44d','3861c972-71b1-4a65-a019-100fae46ccc4','Deven','Kozey','2021-08-11T20:53:19.973Z','5',true),
('9e3167ed-65f0-4660-8b42-1e8d9ec44081','26a65863-3131-46bd-a428-7b75a8bf8dba','Crawford','Bashirian','2023-10-31T02:11:51.166Z','1',false),
('b4755e75-0e56-4634-98dc-2150cd8192e2','26a65863-3131-46bd-a428-7b75a8bf8dba','Jairo','Bashirian','2023-11-18T12:08:55.928Z','6',true),
('00e95014-7e93-4db3-905c-6e9faaebb07e','26a65863-3131-46bd-a428-7b75a8bf8dba','Ana','Bashirian','2022-11-24T20:02:58.163Z','6',true),
('fbfd3239-6384-4cba-a16a-059f46a98b2a','980b8933-4fd5-4806-a65c-84b5da54f1f9','Lee','McDermott','2022-08-15T03:20:42.844Z','2',true),
('438126ad-547d-43e8-98ee-79148fa6adb1','980b8933-4fd5-4806-a65c-84b5da54f1f9','Patsy','McDermott','2023-10-09T02:59:47.729Z','N',true),
('a5de63f4-a486-4395-9a31-cab6e835247f','980b8933-4fd5-4806-a65c-84b5da54f1f9','Kelsi','McDermott','2022-07-30T02:09:36.698Z','3',true),
('410a35e5-4ba3-4084-be9a-213af22baff2','784ed758-bcff-4f4c-8e57-1ddb52e7b85d','Cleta','McGlynn','2023-07-29T08:44:17.940Z','1',true),
('d97a4699-2bb5-48ea-b3f4-6cddade75f3c','0bfadd42-c569-411b-839e-6c3bbf1302dc','Timothy','Gottlieb','2023-07-13T13:40:15.066Z','N',true),
('9fbea2ac-f826-492b-bb3b-f0588a6d6440','0bfadd42-c569-411b-839e-6c3bbf1302dc','Christiana','Gottlieb','2023-08-17T04:17:42.179Z','N',false),
('ccb614e1-1386-438e-a174-f07e1d1502fb','0bfadd42-c569-411b-839e-6c3bbf1302dc','Velva','Gottlieb','2024-01-26T03:37:32.182Z','1',true),
('dff89423-449f-4115-bef1-5d89359e9961','fe2881b2-29a0-4e21-afc6-7ccfdd1b2721','Eliseo','Jacobi','2021-12-23T19:10:31.912Z','2',true),
('45203940-d85b-429f-bfc7-04cbca63052f','fe2881b2-29a0-4e21-afc6-7ccfdd1b2721','Foster','Jacobi','2023-07-10T09:57:14.919Z','4',false),
('cc8b2b42-93ee-488d-b35d-45053b460441','fe2881b2-29a0-4e21-afc6-7ccfdd1b2721','Zoila','Jacobi','2021-09-18T14:39:26.594Z','1',true),
('91ac820f-3759-4897-861a-a846478e284e','f8f78cd5-24f6-437d-87ba-c8272206077c','Bruce','McKenzie','2023-03-13T19:42:56.709Z','2',true),
('16ea5a5a-53cc-4c0b-bf13-734729e518b4','f8f78cd5-24f6-437d-87ba-c8272206077c','Pietro','McKenzie','2022-05-10T16:57:46.837Z','3',true),
('80eb69be-4fb8-4358-a872-1fa18976acf1','f8f78cd5-24f6-437d-87ba-c8272206077c','Bobby','McKenzie','2022-09-05T00:06:47.555Z','4',true),
('16032c8d-4a85-4cbd-8a86-8b92538962f8','928178cd-efc7-4759-88ea-b7bebdf719f3','Gage','Wunsch','2023-12-26T17:27:33.753Z','N',true),
('7c987640-8087-4574-98f9-f26659e3437e','928178cd-efc7-4759-88ea-b7bebdf719f3','Joanny','Wunsch','2022-03-24T13:29:18.650Z','2',false),
('c1da6590-0fe3-40b3-bdc2-ec6cff7f51fd','93e9cf15-39ae-4d38-a9e4-f74a857274b1','Dixie','Pagac','2023-09-14T13:59:35.450Z','3',true),
('1ddccef7-45e0-4e46-8a05-302bf4e1a939','93e9cf15-39ae-4d38-a9e4-f74a857274b1','Mafalda','Pagac','2023-03-15T17:26:56.723Z','2',true),
('4951c47e-cb83-4bb7-894c-120d11565c73','93e9cf15-39ae-4d38-a9e4-f74a857274b1','Lottie','Pagac','2022-02-14T03:47:47.599Z','7',true),
('e145d775-0952-476e-85d1-bc9d0285388e','fc789ac1-436f-460c-aa36-8c59b510be72','Lexi','Keebler','2021-11-21T04:55:34.732Z','6',true),
('ae4dd61e-dda0-43d0-aeeb-7c28794cd8c4','fc789ac1-436f-460c-aa36-8c59b510be72','Ellen','Keebler','2023-03-05T10:25:04.247Z','5',true),
('e0632b04-2f06-44dc-b88b-9a69c845ba47','fc789ac1-436f-460c-aa36-8c59b510be72','Anne','Keebler','2024-01-03T06:46:56.152Z','1',true),
('0b4d8374-9499-4176-9b4e-c1b9befc7952','1b834633-a298-400b-85eb-7f422be1881c','Sean','Wyman','2021-09-16T21:25:51.780Z','7',true),
('a02a82f2-44ba-4616-8a79-1b89009f6b0f','05af6d78-1bda-4711-9971-febbb34c05b0','Casimer','Carroll','2022-02-13T03:59:52.409Z','5',true),
('3b516ffe-3d60-4d8d-935c-bf49190f4ca3','eb0a55a0-f4df-44ae-b186-e65a00d8fdf0','Juana','Becker','2021-11-28T07:36:02.992Z','3',true),
('95ced06b-43e4-4c22-8d3b-9594c48d98f6','eb0a55a0-f4df-44ae-b186-e65a00d8fdf0','Arnulfo','Becker','2022-02-17T04:18:23.079Z','3',true),
('56a7947d-2802-41a7-8f35-dbbb8c04a7e5','eb0a55a0-f4df-44ae-b186-e65a00d8fdf0','Carmen','Becker','2024-01-25T23:11:46.051Z','3',false),
('03d7deac-9eb2-4f1f-98ff-b2fa757a5e03','eb0a55a0-f4df-44ae-b186-e65a00d8fdf0','Kay','Becker','2022-04-08T09:44:15.677Z','6',true),
('88f192fe-25f0-4a4d-88ed-1f51b48ededb','2bbaad82-6625-4762-861d-4251cbeea8ba','Kamron','Jakubowski','2021-11-24T19:55:37.716Z','7',false),
('bad9e8ed-0965-4aec-8bc7-ff56858c6c63','2bbaad82-6625-4762-861d-4251cbeea8ba','Cali','Jakubowski','2021-11-27T08:02:06.920Z','1',true),
('1a7b8e03-eab4-4602-a68b-b3ff2a53c940','2bbaad82-6625-4762-861d-4251cbeea8ba','Marquise','Jakubowski','2023-01-18T03:21:11.909Z','1',true),
('dd062f21-b2f9-47a8-a070-940624ebd5e9','7fc077ae-9b56-4225-9b8c-0feb19bf1b90','Hayden','Rohan','2021-12-13T12:13:14.525Z','1',true),
('c0b502f5-1e79-4baa-9a6f-989a77cb77d9','7fc077ae-9b56-4225-9b8c-0feb19bf1b90','Alene','Rohan','2022-01-08T06:49:24.537Z','7',true),
('303ccaf9-2434-44fe-b237-ba65c1a658f1','6e5f801e-3fd0-488b-b4e0-7543f52f8dd9','Marques','Schamberger','2021-08-21T18:25:56.387Z','6',true),
('8d415cbd-7553-4857-a0c0-a8d83a264e7d','a32cdf4f-3313-46b0-9327-9a024a03d505','Alene','Roob','2021-08-04T23:56:00.187Z','5',true),
('53a909c8-652c-4c60-b337-44fc42166c14','dfa5c105-eafc-44a0-8f5d-d6c18017acc2','Frederique','Lockman','2023-07-11T14:54:27.037Z','7',true),
('e0bbc4d8-8c5d-4901-a020-5bab56be8c9c','dfa5c105-eafc-44a0-8f5d-d6c18017acc2','Daphne','Lockman','2021-09-24T17:15:53.188Z','5',true),
('50c40491-bd18-498e-8fe1-d035776c3edf','d3693cec-a420-4f03-b132-311f2fe6c28e','Magali','Block','2021-08-25T14:08:37.905Z','N',true),
('a24eb7bc-61ab-492b-b887-e83a80b39827','d3693cec-a420-4f03-b132-311f2fe6c28e','Kathryn','Block','2022-08-28T11:54:38.097Z','N',true),
('d75e7e29-2fd8-4c05-9b03-508ee9915da8','d3693cec-a420-4f03-b132-311f2fe6c28e','Kelvin','Block','2022-01-26T16:56:14.385Z','4',true),
('2003491e-0f31-486b-91e2-654bab18a163','d3693cec-a420-4f03-b132-311f2fe6c28e','Felix','Block','2021-08-19T00:52:46.225Z','5',true),
('ea2d5cbe-422c-4e05-bd36-7c60ba3b62a8','4dfca43f-2f33-4d26-8b62-8dd71c2f4c66','Tom','Frami','2022-02-08T23:13:55.788Z','N',false),
('83e33198-d41f-404f-ab45-8246dd0e5115','44103347-0594-4981-b416-3a141ff8684d','Rae','Stark','2023-10-13T12:26:03.780Z','3',true),
('cc041f98-3f55-4b1f-bd0c-a854a24fa5df','44103347-0594-4981-b416-3a141ff8684d','Shana','Stark','2023-03-04T22:04:09.696Z','5',true),
('c5f98e12-74f9-4ba3-9567-a0035233d590','44103347-0594-4981-b416-3a141ff8684d','Rubie','Stark','2023-08-19T18:39:04.389Z','5',true),
('3a455951-f84e-4499-a7e8-0fb3ee04da0e','08fa6991-59a5-4176-985e-8f5226dba7d5','Aglae','Hessel','2023-12-27T11:34:54.821Z','7',true),
('6c8ff558-ca96-4e62-926b-271cb94e2a5b','a257440e-3f31-497d-9481-5f167c658581','Elroy','Schimmel','2023-12-10T09:16:13.859Z','5',true),
('b8b5e3b4-9e77-41f8-90e2-f826e7eee4e6','2f015ee2-5668-4458-a3be-d9644919bfec','Retta','Goyette','2022-07-26T22:39:15.384Z','6',true),
('250cee31-0c8d-497e-ba30-1d22a5e9f713','2f015ee2-5668-4458-a3be-d9644919bfec','Rosemarie','Goyette','2022-12-14T10:18:53.462Z','4',false),
('17be5e92-6ffa-4b09-a1d7-11f746e5edaa','2f015ee2-5668-4458-a3be-d9644919bfec','Rogelio','Goyette','2022-05-20T06:28:53.572Z','1',false),
('b5126a2c-2644-41c4-a152-ab9a2462b2ae','5f8e6331-5dfc-44b4-a728-a2d182f03737','Zora','Walter','2022-07-15T13:01:58.273Z','3',true),
('183b65e7-efc5-41f6-9b57-c7d7e8ba9ae9','5f8e6331-5dfc-44b4-a728-a2d182f03737','Heath','Walter','2022-11-16T05:07:08.918Z','3',true),
('47f77e34-8e4c-454b-90ba-f3edbcd7dc2f','5f8e6331-5dfc-44b4-a728-a2d182f03737','Cassie','Walter','2022-01-05T02:26:31.281Z','3',true),
('3c54d9ec-36bb-4de3-aa47-ece35de32b79','4c7ad98c-72f2-4954-9cba-230011dfe67b','Elise','Berge','2022-01-20T14:21:56.885Z','5',true),
('4e38cf4f-a2dc-4d8f-9f6e-5e28c8210311','4c7ad98c-72f2-4954-9cba-230011dfe67b','Michale','Berge','2022-08-01T15:36:03.265Z','N',false),
('7f0f5181-52a2-4d85-b88d-b7cdb44f2a65','4c7ad98c-72f2-4954-9cba-230011dfe67b','Diamond','Berge','2023-04-23T17:08:41.023Z','4',true),
('f42829a6-6814-4e57-b855-83d9dc379144','644e5eb6-eeb8-4577-a1ae-cec05d5d3371','Abe','Smith','2021-09-24T04:41:34.625Z','N',true),
('de311494-c872-4473-8b25-917f7edcfeba','644e5eb6-eeb8-4577-a1ae-cec05d5d3371','Lindsay','Smith','2023-09-17T13:37:49.667Z','3',true),
('e6bddf5b-d942-4e5a-8179-e06a63aa1e9e','644e5eb6-eeb8-4577-a1ae-cec05d5d3371','Keira','Smith','2022-11-10T17:15:53.208Z','4',true),
('d369c1d5-94c3-4425-9321-1b1b272bb44d','a75a7b9d-06e1-4efa-92ee-5e44911c7721','Lauriane','Bernhard','2024-01-24T20:39:14.574Z','2',true),
('0bce5499-fa2e-437e-bd70-3ea138d2a474','f078c8aa-a669-4cf4-98da-a88a8fde6bb8','Casey','Mosciski','2023-10-02T08:22:21.771Z','7',true),
('52b5b3be-2737-4bcb-a8b9-9fb455a9e7d5','fbc7e28e-2d24-4165-b8d2-210ffb4cd1c5','Davonte','Kirlin','2023-09-02T22:06:38.031Z','2',true);
