
DELETE FROM kid;
DELETE FROM parent;
DELETE FROM deliverer;

INSERT INTO deliverer (id, name, email, phone_number, is_active) VALUES
('4c508510-7a59-45d3-97fe-5196de803a04','Ms. Dianna Purdy','Asa.Schroeder@yahoo.com','799-284-2534',true),
('6a324647-0103-4b90-99a9-8bd7e041ebd6','Ms. Lou Lakin','Marianne.Brown@yahoo.com','077-885-8796',true),
('eb665dff-59e6-403e-9447-04978ff706c1','Mrs. Mollie Kertzmann','Keara_Mosciski@Brisa.name','320-754-6327',true),
('4f2fc03c-fe07-4406-9bc7-3f6ce6f46585','Mr. Filomena Kling','Christop_Renner@yahoo.com','218-418-9640',false),
('1df2826b-74c1-40d9-9aeb-e89fc5f1e65d','Mrs. Coty Considine','Miller.Emery@Aniyah.net','985-613-2762',true),
('bf95bf79-9481-4844-9c37-4af95bb116d2','Miss Linwood Kozey','Mittie.Cartwright@Alf.net','283-816-5235',true),
('bda9a7d5-46a9-461b-86a4-37b92dd26778','Dr. Rogers Jacobson','Olga.Feil@Boyer.ca','850-576-1265',true),
('d3b61f9d-d97a-4952-a1e0-0d5149b8e877','Dr. Emil Ziemann','Vance_Macejkovic@Cody.ca','704-450-3594',false),
('df6ba6f9-5f82-449d-b8bc-ed14e963f716','Mrs. Brent Wilkinson','Johathan.Stroman@hotmail.com','257-247-7126',true),
('e650e261-f04a-4c13-bd4c-f2551d7d6a91','Mrs. Gregorio Botsford','Hillary_Lubowitz@yahoo.com','768-694-4000',true)

INSERT INTO parent (id, first_name, last_name, address, city, zip, phone_number, country_of_origin, rough_family_income, is_active, deliverer_id) VALUES
('1d1d2b58-ccde-49f7-a740-cb70ac8c0d49','Ceasar','Thiel','76 Wolff Trace','South Meta','09711-8613','284-988-3354','Rwanda',35000,true,'6a324647-0103-4b90-99a9-8bd7e041ebd6'),
('6808dea9-880d-4ece-acf1-b4d0a06112b6','Shana','McLaughlin','54 Waelchi Course Suite 295','East Lue','15202','852-529-6674','Greece',15000,false,'df6ba6f9-5f82-449d-b8bc-ed14e963f716'),
('4bef2771-c725-4f54-99fd-e1fe2f7d47cd','Brad','Jacobson','94 Jasmin Stravenue','West Molliechester','48993','187-795-0684','Gibraltar',40000,false,'4c508510-7a59-45d3-97fe-5196de803a04'),
('7df63f0f-ab70-4eb3-8978-71b8babbde1a','Hilda','Marvin','09 Mason Wall','Westburgh','12125-1291','492-803-3504','Qatar',35000,true,'d3b61f9d-d97a-4952-a1e0-0d5149b8e877'),
('c97a8215-1f21-4dc6-95fe-b314dfffaca4','Norris','Goyette','589 Denesik Courts Apt. 056','New Brooklynmouth','75313','195-655-8300','Wallis and Futuna',10000,true,'df6ba6f9-5f82-449d-b8bc-ed14e963f716'),
('73c0b65a-11a8-4424-86ad-f1fe9ae029c8','Isidro','Boehm','652 Batz Fall','Kaceytown','88063','837-396-6005','Aruba',45000,true,'1df2826b-74c1-40d9-9aeb-e89fc5f1e65d'),
('efd146e4-0be7-4226-8be6-ae3eeab23722','Jairo','Jerde','88 Witting Springs','Shawnland','70633','133-866-6221','Belarus',25000,true,'eb665dff-59e6-403e-9447-04978ff706c1'),
('bb87e539-cb5f-4b9c-a29d-7a208cde7162','Barbara','Bogan','838 Sawayn Valleys','East Hiram','69781-9654','826-834-4260','Congo',40000,true,'d3b61f9d-d97a-4952-a1e0-0d5149b8e877'),
('87eb7ef6-2664-40c5-b15e-c7b5a84490b4','Amir','Funk','333 Athena Shoal','East Justineland','26981','182-290-9368','Croatia',55000,true,'eb665dff-59e6-403e-9447-04978ff706c1'),
('3b53ad4d-1197-414a-a51b-b1e70de3df10','Ethan','Ledner','854 Bell Hollow','Sharonberg','14801','719-842-3517','Ukraine',55000,false,'6a324647-0103-4b90-99a9-8bd7e041ebd6'),
('899a5e4d-4950-4a72-9027-4bb44bce3233','Chandler','Hayes','7189 Schiller Keys Apt. 994','New Dario','44500-1097','413-531-9919','New Caledonia',40000,false,'bf95bf79-9481-4844-9c37-4af95bb116d2'),
('636779c2-03a3-42c2-b4e3-f8c90980256b','Sandrine','Lueilwitz','015 Hane Plains','Adelbertchester','27324','642-296-4099','Liechtenstein',40000,true,'bda9a7d5-46a9-461b-86a4-37b92dd26778'),
('c464d59b-f084-451d-874e-1b0d21d982ec','Palma','Kunze','556 Lebsack Curve Apt. 184','Gennarofort','58474-4676','803-527-8827','Christmas Island',60000,false,'d3b61f9d-d97a-4952-a1e0-0d5149b8e877'),
('d1b93d57-b6dd-4783-b5db-c3209e0c1959','Nicklaus','Luettgen','8603 Kaylah Extension','New Jordane','81916-4536','848-709-6896','Liechtenstein',50000,true,'df6ba6f9-5f82-449d-b8bc-ed14e963f716'),
('a40e42b1-93b4-41b8-b5a1-f84fd2e51f87','Freeda','Tremblay','789 Walter Gateway Apt. 119','East Raquel','09478','900-027-3650','Martinique',30000,false,'df6ba6f9-5f82-449d-b8bc-ed14e963f716'),
('f78afb03-1066-4fce-82f7-1e7694ee42fd','Rosina','Dach','9321 Houston Lodge Suite 968','West Laurenchester','38843','844-976-6352','Guinea-Bissau',15000,true,'df6ba6f9-5f82-449d-b8bc-ed14e963f716'),
('1624aa03-d692-48d6-b42c-62f0d8adb37d','Maymie','Torphy','563 Jeffry Plains Apt. 245','North Harmonville','71146','729-123-7492','British Indian Ocean Territory (Chagos Archipelago)',10000,true,'bf95bf79-9481-4844-9c37-4af95bb116d2'),
('e7bae9bb-806f-48f3-a452-df871dee186c','Ben','Schoen','501 Nat Cliffs Apt. 680','East Dameon','40839-5238','145-718-6188','Niger',10000,true,'6a324647-0103-4b90-99a9-8bd7e041ebd6'),
('e1f4e896-c3f6-478f-b343-bd4ed6fb7ae9','Karson','Altenwerth','378 Ortiz Parks Apt. 052','Ondrickamouth','42899-5224','794-503-6431','Moldova',20000,true,'d3b61f9d-d97a-4952-a1e0-0d5149b8e877'),
('2ee33dbc-1414-4131-a6e0-0c6400f05653','Samir','Heathcote','984 Alice Lodge','West Ulises','69610','956-683-6516','Mauritius',45000,true,'6a324647-0103-4b90-99a9-8bd7e041ebd6'),
('b20fbe7d-10e6-4583-b2fb-8c8406e34fbc','Kenyatta','Brakus','836 Shea Burg','Port Marcel','37344-3589','914-610-8328','Ireland',30000,false,'bf95bf79-9481-4844-9c37-4af95bb116d2'),
('62e30d48-88c5-4f6a-b744-e86e2c83566a','Dino','Toy','360 Tyrese Port Suite 046','Mosciskifort','81162-5159','795-689-4930','Comoros',50000,false,'1df2826b-74c1-40d9-9aeb-e89fc5f1e65d'),
('b88e2603-c01d-43c4-945a-ebebdb4bb008','Minerva','Schamberger','856 Feil Knolls Apt. 396','West Clemmieberg','31803-0666','331-880-2655','Bulgaria',45000,true,'df6ba6f9-5f82-449d-b8bc-ed14e963f716'),
('5432066f-9dc1-4865-bd22-9ac9aa32d26c','Sheila','Osinski','24 Anne Via Suite 476','West Ressie','71706','378-151-9437','Yemen',60000,true,'4c508510-7a59-45d3-97fe-5196de803a04'),
('d33e1545-0b77-43ea-a252-689af828336f','Cory','Botsford','1846 Derrick Freeway Apt. 521','Champlinburgh','56901','305-380-7965','Eritrea',40000,true,'4c508510-7a59-45d3-97fe-5196de803a04'),
('30af315a-7018-4344-9a7c-31cef776a5d3','Duane','Simonis','2887 Schroeder Mountain','New Jarret','83857-4475','001-157-4682','Norway',30000,true,'bf95bf79-9481-4844-9c37-4af95bb116d2'),
('8daa71bb-e247-45c5-a369-b710717975f4','Luciano','Hartmann','941 Eliseo Haven','Rodolfostad','77935-3102','832-134-8227','Antarctica (the territory South of 60 deg S)',40000,true,'1df2826b-74c1-40d9-9aeb-e89fc5f1e65d'),
('636bca16-31f1-4ca3-90d2-626bb4066640','Chasity','Russel','360 Roma Plain','Maxshire','97501-0362','667-773-6288','Svalbard & Jan Mayen Islands',35000,true,'6a324647-0103-4b90-99a9-8bd7e041ebd6'),
('8cabb7f8-4088-41cf-8a76-1b793b251acd','Colt','Mante','83 Ivy Viaduct Suite 485','Margieland','66783-2332','858-166-7238','Turkmenistan',20000,true,'d3b61f9d-d97a-4952-a1e0-0d5149b8e877'),
('df590a5e-b1d2-40ae-8c3e-fb12b4a50018','Nora','Krajcik','4205 Emmanuel Via Suite 706','Joshuahhaven','60033','266-610-4720','Greece',20000,true,'6a324647-0103-4b90-99a9-8bd7e041ebd6'),
('7cffb58f-c87a-49ba-98ac-135017c4c67b','Don','Kunde','165 Fritsch Estates Suite 737','Lake Marielle','97754','339-093-9983','Mauritania',55000,true,'bda9a7d5-46a9-461b-86a4-37b92dd26778'),
('995eddec-3e3a-4d08-8a8f-f11d355bc0d7','Ettie','Wilkinson','445 Mauricio Isle','North Kevonport','07086-1730','993-893-3166','Nicaragua',50000,false,'d3b61f9d-d97a-4952-a1e0-0d5149b8e877'),
('6ded2220-60c4-470f-8285-ef1b98db2173','Edward','Frami','47 Bernard Throughway Apt. 558','Lake Herta','10318','755-701-0267','Sudan',30000,true,'6a324647-0103-4b90-99a9-8bd7e041ebd6'),
('aa8ca058-2e8f-41db-aafc-5ac755b3805f','Jazlyn','Turner','178 Telly Neck','Cyrilside','11802','470-779-3332','Colombia',50000,false,'bf95bf79-9481-4844-9c37-4af95bb116d2'),
('70e884e4-5bed-4e7b-9361-106a266a86c1','Zechariah','Hermiston','659 Zboncak Unions','New Hortenseland','52076-8439','958-398-2358','Tanzania',10000,true,'df6ba6f9-5f82-449d-b8bc-ed14e963f716'),
('a4928cfb-8161-4f64-9f80-0a5c5e7f7caf','Kristoffer','Feil','741 Blanda Circle Apt. 611','West Reynold','71637-1878','365-053-2087','Thailand',60000,false,'1df2826b-74c1-40d9-9aeb-e89fc5f1e65d'),
('78dd58cb-2d09-4155-8cf8-8e1452ea4c04','Cara','Pfannerstill','025 Emmett Inlet Apt. 868','Lake Triston','74811-8353','642-034-3270','Korea',50000,true,'bda9a7d5-46a9-461b-86a4-37b92dd26778'),
('a4eeea49-b24d-484c-9676-9830001dfa2c','Brandyn','Rogahn','90 Weber Spur Suite 444','Littelberg','46259-5589','854-846-1270','Mexico',35000,false,'1df2826b-74c1-40d9-9aeb-e89fc5f1e65d'),
('744ae928-0c83-464a-8c91-99f95e3e3bc0','Dell','Lang','0412 Bartoletti Canyon Suite 874','Kadentown','59944-9525','413-114-6833','Jamaica',25000,true,'6a324647-0103-4b90-99a9-8bd7e041ebd6'),
('a1c98665-07c7-425c-ba9f-852b0c094357','Precious','Daniel','660 Sawayn Orchard','East Daisybury','97532-9343','048-919-1878','Cook Islands',40000,true,'e650e261-f04a-4c13-bd4c-f2551d7d6a91'),
('51dc3036-f114-4bda-97c5-dbcd97173bc6','Fritz','Feeney','520 Loma Park','North Carrollfort','84495','513-345-7935','Lithuania',20000,true,'1df2826b-74c1-40d9-9aeb-e89fc5f1e65d'),
('e7c39566-4005-4df3-b538-93d9be5a0fcf','Kellen','Keebler','7503 Kautzer Radial Suite 090','Kariannefurt','37798-6558','777-665-8274','Guyana',30000,true,'4c508510-7a59-45d3-97fe-5196de803a04'),
('5d8c33d1-f16f-47c5-9985-356fed0c2e37','Jodie','Auer','5802 Orn Stravenue Apt. 487','Ziemannstad','29221-3561','456-690-8186','Uganda',40000,true,'4f2fc03c-fe07-4406-9bc7-3f6ce6f46585'),
('28170219-52e4-43e6-9253-322ca96f3af9','Dasia','Emmerich','034 Alford Expressway Apt. 384','Tiaside','54931','716-947-6243','Reunion',40000,false,'6a324647-0103-4b90-99a9-8bd7e041ebd6'),
('20228012-0de3-4f41-a611-02ca2155e96d','Estel','Powlowski','11 Glover Hill Apt. 743','Johannland','93765','616-822-7105','Wallis and Futuna',60000,true,'1df2826b-74c1-40d9-9aeb-e89fc5f1e65d'),
('09aacddb-2923-4405-9a0a-ae780331de4c','Eula','Lang','277 Rafaela Plaza Apt. 292','Schowaltermouth','27599-4684','455-009-0778','Timor-Leste',25000,true,'bda9a7d5-46a9-461b-86a4-37b92dd26778'),
('173af177-df5e-48da-a4eb-51278430fac9','Rosemarie','McGlynn','78 Krajcik Trail Suite 749','Romagueraland','05727','756-590-2885','Lithuania',45000,true,'df6ba6f9-5f82-449d-b8bc-ed14e963f716'),
('aa757640-217f-485b-8944-d6b51f896754','Amber','Ziemann','4298 Ullrich Roads Apt. 277','Arielfurt','19637-7564','641-316-4745','Madagascar',15000,false,'4f2fc03c-fe07-4406-9bc7-3f6ce6f46585'),
('b0fe3cf8-d3dd-4b54-a846-2e79827f5d66','Sammy','Gottlieb','5944 Boyer Fords','North Hortense','84265','946-316-0249','Micronesia',20000,true,'4c508510-7a59-45d3-97fe-5196de803a04'),
('bd5c8895-2c89-4795-9460-377431a6ab27','Royce','Kirlin','509 Fredrick Light Suite 910','South Anitafort','01446-9347','124-734-2348','Romania',45000,true,'bda9a7d5-46a9-461b-86a4-37b92dd26778');

INSERT INTO kid (id, parent_id, first_name, last_name, birth_date, diaper_size, is_active) VALUES
('01423071-90fc-41b6-aa5c-930f87f2104b','1d1d2b58-ccde-49f7-a740-cb70ac8c0d49','Sydnee','Thiel','2004-02-10T21:50:45-06:00','N',false),
('4b85566a-7dcd-43e6-b8dd-531ecc5b4eab','1d1d2b58-ccde-49f7-a740-cb70ac8c0d49','Catalina','Thiel','2003-07-08T03:45:02-05:00','4',false),
('6353f34c-5cf4-48dc-a30f-d336824305dc','6808dea9-880d-4ece-acf1-b4d0a06112b6','Adrien','McLaughlin','1987-08-18T18:45:11-05:00','1',true),
('8e907f15-4ece-4772-ae3e-3b062ebb9fd7','4bef2771-c725-4f54-99fd-e1fe2f7d47cd','Gail','Jacobson','1996-11-14T11:45:18-06:00','5',true),
('ce65ab2b-1db3-4c6d-ae98-434b9bf1f1f1','4bef2771-c725-4f54-99fd-e1fe2f7d47cd','Christelle','Jacobson','1996-07-22T10:47:17-05:00','3',false),
('a2fc1a23-2170-489b-8ec9-d2ec105d3215','4bef2771-c725-4f54-99fd-e1fe2f7d47cd','Kelton','Jacobson','1989-01-12T18:42:35-06:00','5',true),
('233228cc-85c2-4833-91b8-d2033a85a4e1','4bef2771-c725-4f54-99fd-e1fe2f7d47cd','Gracie','Jacobson','1992-12-11T22:59:19-06:00','1',true),
('fbff0fbc-90e2-452e-bbaf-0d3b01f738de','7df63f0f-ab70-4eb3-8978-71b8babbde1a','Cletus','Marvin','1996-11-26T22:28:34-06:00','2',true),
('5b0c2da7-62cf-4337-a7bf-ba9d734e1785','7df63f0f-ab70-4eb3-8978-71b8babbde1a','Ozella','Marvin','2000-08-31T07:10:44-05:00','3',true),
('6b8a5bda-5cbc-4617-922f-cd591e38dbfc','c97a8215-1f21-4dc6-95fe-b314dfffaca4','Corrine','Goyette','2004-08-03T16:53:13-05:00','7',false),
('f72b10e6-98a4-4573-8b2e-bca0cd230aa5','73c0b65a-11a8-4424-86ad-f1fe9ae029c8','Arvid','Boehm','1979-07-30T15:59:36-05:00','2',true),
('3585e8dc-1c93-4ae2-a680-84e552d765a4','73c0b65a-11a8-4424-86ad-f1fe9ae029c8','Theo','Boehm','1995-04-14T08:35:51-05:00','N',true),
('42ec83aa-4de6-40ae-87c8-ba9d9471003c','73c0b65a-11a8-4424-86ad-f1fe9ae029c8','Gloria','Boehm','1977-11-01T00:36:32-06:00','2',true),
('5a8cd45d-9f69-45b8-80fa-79dcfc7927ea','73c0b65a-11a8-4424-86ad-f1fe9ae029c8','Cooper','Boehm','1991-07-16T14:44:52-05:00','N',false),
('5fb60704-09ee-4a5d-8c51-6b9173b4e4b5','efd146e4-0be7-4226-8be6-ae3eeab23722','Afton','Jerde','1974-06-20T09:06:38-05:00','4',false),
('674cbd50-3876-4f09-9b1c-55b660e3ec42','efd146e4-0be7-4226-8be6-ae3eeab23722','Magnus','Jerde','2000-10-04T01:54:46-05:00','2',true),
('aaef7f7c-684f-4dc9-b780-b8b7e5d798d4','efd146e4-0be7-4226-8be6-ae3eeab23722','Holly','Jerde','1972-06-13T23:33:04-05:00','5',false),
('ebb9114d-2ebc-4526-a496-b43d5726f435','bb87e539-cb5f-4b9c-a29d-7a208cde7162','Missouri','Bogan','1995-07-03T12:26:05-05:00','3',false),
('57edea98-315b-4da0-b5b8-7cb331eafe74','bb87e539-cb5f-4b9c-a29d-7a208cde7162','Amie','Bogan','1982-12-22T10:23:34-06:00','1',false),
('95337574-b4fe-4132-a8db-53cdc65ac16a','bb87e539-cb5f-4b9c-a29d-7a208cde7162','Shayna','Bogan','1981-10-05T12:32:37-05:00','2',false),
('8a7076f5-f478-4f04-a3eb-6ba4cec414aa','bb87e539-cb5f-4b9c-a29d-7a208cde7162','Ubaldo','Bogan','2015-12-11T20:47:20-06:00','3',false),
('c12dba18-a6d5-4eb4-aa08-99c5089afa3f','87eb7ef6-2664-40c5-b15e-c7b5a84490b4','Rocky','Funk','1999-11-23T21:18:18-06:00','6',true),
('ceec298e-5af6-49ad-9fc5-625c7988c303','3b53ad4d-1197-414a-a51b-b1e70de3df10','Stacey','Ledner','2011-01-06T16:46:57-06:00','2',true),
('afc5d918-ddd9-47a6-8822-c2085ec4efe6','3b53ad4d-1197-414a-a51b-b1e70de3df10','Richmond','Ledner','2008-09-17T17:26:54-05:00','1',false),
('d5c31413-16cd-44fd-a83c-f452d060b75a','3b53ad4d-1197-414a-a51b-b1e70de3df10','Oliver','Ledner','2005-05-23T23:42:20-05:00','4',true),
('ae2e629a-e524-4405-90bf-af7934a7b11d','3b53ad4d-1197-414a-a51b-b1e70de3df10','Hermina','Ledner','1991-06-05T08:17:58-05:00','5',true),
('e0b0b4db-bbf9-4535-bf0d-3ca574fd8f3b','899a5e4d-4950-4a72-9027-4bb44bce3233','Dolly','Hayes','1981-08-04T19:58:53-05:00','3',true),
('6618cc19-e9fe-41cd-9b97-d0bd79b6d0e2','899a5e4d-4950-4a72-9027-4bb44bce3233','Timothy','Hayes','1990-10-23T03:31:49-05:00','6',false),
('9c988516-f1f0-4380-9aba-a9be9266f783','899a5e4d-4950-4a72-9027-4bb44bce3233','Zoila','Hayes','1986-08-21T00:27:54-05:00','4',true),
('b0309320-f2b3-487d-b02d-432dea6668e8','636779c2-03a3-42c2-b4e3-f8c90980256b','Rudolph','Lueilwitz','2010-01-04T05:57:01-06:00','1',true),
('0168115d-b60e-457e-b1ba-cd7ec57ad0a2','636779c2-03a3-42c2-b4e3-f8c90980256b','Selina','Lueilwitz','1989-10-30T22:02:34-06:00','N',true),
('62725d65-b648-4438-b7ab-ad91e5724d5f','636779c2-03a3-42c2-b4e3-f8c90980256b','Shaina','Lueilwitz','2005-07-13T03:14:01-05:00','6',true),
('237c4a15-efd6-4244-89df-aa1b63bbacf1','c464d59b-f084-451d-874e-1b0d21d982ec','Cullen','Kunze','2001-07-22T18:24:25-05:00','7',true),
('03f34b81-fee4-4bf0-b138-350d26fdf596','c464d59b-f084-451d-874e-1b0d21d982ec','Zackary','Kunze','2001-06-13T12:36:38-05:00','2',true),
('89386fce-f086-441e-b7fa-1511031b7566','c464d59b-f084-451d-874e-1b0d21d982ec','Ola','Kunze','1988-04-03T21:07:50-05:00','7',true),
('ad9aeec4-e15b-4f90-a578-360e3e00253d','c464d59b-f084-451d-874e-1b0d21d982ec','Joana','Kunze','2009-12-28T16:31:37-06:00','1',true),
('8b779e88-96be-4ee1-9b3c-4ff064da19cf','d1b93d57-b6dd-4783-b5db-c3209e0c1959','Nicolas','Luettgen','2004-09-19T00:00:07-05:00','3',true),
('7833863f-8a56-4cc6-9167-b59d88072a31','d1b93d57-b6dd-4783-b5db-c3209e0c1959','Kim','Luettgen','2013-12-06T08:20:15-06:00','1',true),
('58af9a62-6ce8-47d7-b34e-179da2b733ce','d1b93d57-b6dd-4783-b5db-c3209e0c1959','Carroll','Luettgen','2007-04-29T07:59:48-05:00','N',true),
('15cb34cc-b430-46fb-a6ee-483322a03938','a40e42b1-93b4-41b8-b5a1-f84fd2e51f87','Loyce','Tremblay','1971-02-25T23:31:33-06:00','3',true),
('c7674fca-53be-4a19-92f1-545f54a3263f','a40e42b1-93b4-41b8-b5a1-f84fd2e51f87','Delta','Tremblay','2003-02-21T18:57:34-06:00','1',true),
('c3b3a0ba-fa97-4535-ba42-3ba702ae6e12','f78afb03-1066-4fce-82f7-1e7694ee42fd','Katlyn','Dach','2005-08-29T22:46:57-05:00','7',true),
('2617f29e-ac7b-463f-9fcb-862490883dab','f78afb03-1066-4fce-82f7-1e7694ee42fd','Freida','Dach','1972-08-11T17:36:47-05:00','7',true),
('99cdeabb-f321-4160-b093-0afee189f27c','f78afb03-1066-4fce-82f7-1e7694ee42fd','Verna','Dach','1970-04-19T06:43:30-06:00','4',true),
('401a8f87-0709-42da-a5d7-74ceb1df38aa','1624aa03-d692-48d6-b42c-62f0d8adb37d','Madilyn','Torphy','1973-12-09T15:37:01-06:00','N',true),
('633a3c83-69d2-4c21-8e3d-65fa90cc5088','1624aa03-d692-48d6-b42c-62f0d8adb37d','Wade','Torphy','1985-02-13T15:50:32-06:00','5',true),
('379b9618-0f0f-49d1-b383-8b886b0d2021','1624aa03-d692-48d6-b42c-62f0d8adb37d','Alanna','Torphy','2011-05-07T16:38:29-05:00','6',true),
('f56f7659-7415-45d5-af9a-99286acb6e6e','1624aa03-d692-48d6-b42c-62f0d8adb37d','Agnes','Torphy','1999-02-20T00:03:25-06:00','N',true),
('782afb17-18c0-4c95-9adf-ca4da6ea9095','e7bae9bb-806f-48f3-a452-df871dee186c','Samantha','Schoen','1998-10-27T18:17:58-06:00','6',true),
('dc5d664a-94cc-4cb5-931f-23dd3f508afa','e7bae9bb-806f-48f3-a452-df871dee186c','Clement','Schoen','2009-07-03T20:58:55-05:00','4',true),
('f408f0fe-c3eb-4896-91c9-faeb77f69476','e7bae9bb-806f-48f3-a452-df871dee186c','Lelah','Schoen','1976-11-26T17:16:57-06:00','5',true),
('f2d2e000-d01b-4d66-a4f8-98609f641e95','e7bae9bb-806f-48f3-a452-df871dee186c','Christophe','Schoen','2007-02-09T07:35:07-06:00','2',true),
('bebdc969-0343-4f8a-92f9-6f5754d2ea33','e1f4e896-c3f6-478f-b343-bd4ed6fb7ae9','Jett','Altenwerth','1987-12-28T18:13:00-06:00','6',true),
('cc4f5ed8-2935-42f5-b7a0-b6fa84e7d21c','2ee33dbc-1414-4131-a6e0-0c6400f05653','Edwin','Heathcote','1998-08-17T15:11:30-05:00','1',true),
('9729ea7e-7cd5-4532-9353-aa57b9ffef73','2ee33dbc-1414-4131-a6e0-0c6400f05653','Marlene','Heathcote','2014-11-20T19:39:17-06:00','4',true),
('7fc8de15-c6e8-4ed3-a8bb-a2e9ad56e0d1','2ee33dbc-1414-4131-a6e0-0c6400f05653','Garry','Heathcote','1982-03-12T03:24:15-06:00','1',true),
('af3fee37-ad1c-4021-837a-d0479a7b25dc','b20fbe7d-10e6-4583-b2fb-8c8406e34fbc','Marlee','Brakus','2008-05-23T05:58:08-05:00','6',true),
('29044454-961b-4f8e-953b-8bfd838d26ba','b20fbe7d-10e6-4583-b2fb-8c8406e34fbc','Daren','Brakus','1991-07-14T13:58:43-05:00','7',false),
('055f87e6-d7ee-488d-8e4b-c9ac1500aa35','62e30d48-88c5-4f6a-b744-e86e2c83566a','Enid','Toy','2006-03-13T01:04:12-06:00','6',false),
('d6dd89d4-ed4f-43d1-8324-ba1cbd88c301','b88e2603-c01d-43c4-945a-ebebdb4bb008','Uriel','Schamberger','2009-03-02T17:06:22-06:00','6',true),
('91b1db07-9912-4437-a4c0-77df927ee9d2','b88e2603-c01d-43c4-945a-ebebdb4bb008','Louvenia','Schamberger','1979-06-20T11:08:40-05:00','5',true),
('801bf7fa-5272-4250-97b6-e339b5b1171b','5432066f-9dc1-4865-bd22-9ac9aa32d26c','Bridget','Osinski','2003-09-09T18:50:04-05:00','6',false),
('b86f8a86-4c98-4ce8-86d2-74556a5e8da9','d33e1545-0b77-43ea-a252-689af828336f','Celia','Botsford','1999-01-09T15:01:00-06:00','1',true),
('f051cde1-9e95-49ce-9a0e-7ee541d85314','d33e1545-0b77-43ea-a252-689af828336f','Kevon','Botsford','1988-11-04T08:11:24-06:00','3',true),
('57d90300-c017-419a-bacb-277c915d8a51','30af315a-7018-4344-9a7c-31cef776a5d3','Arvilla','Simonis','1991-09-25T07:50:43-05:00','6',true),
('5a113ad6-6910-488a-bfe3-d087b4f76641','30af315a-7018-4344-9a7c-31cef776a5d3','Verla','Simonis','1971-09-24T06:18:04-05:00','7',true),
('5cb206ee-c1bd-4ace-adc2-c2771ed384de','30af315a-7018-4344-9a7c-31cef776a5d3','Claude','Simonis','2008-08-12T11:33:39-05:00','1',true),
('29cad032-7129-45fd-9a69-086d99bd63ab','30af315a-7018-4344-9a7c-31cef776a5d3','Dorris','Simonis','1991-08-11T00:09:11-05:00','7',true),
('47431388-355c-41b8-b874-582241d55ab9','8daa71bb-e247-45c5-a369-b710717975f4','Bud','Hartmann','2015-04-27T20:38:45-05:00','4',true),
('8dc04918-a7a2-4e14-97ba-cbfa2db8b069','8daa71bb-e247-45c5-a369-b710717975f4','Maxwell','Hartmann','2006-02-01T17:05:38-06:00','1',true),
('44af4b8e-0a19-4c18-b07b-d5e31042b60b','8daa71bb-e247-45c5-a369-b710717975f4','Flossie','Hartmann','2000-07-28T07:18:18-05:00','6',true),
('a1c41a68-f2bd-4d67-a8d4-5c297cd4c38f','636bca16-31f1-4ca3-90d2-626bb4066640','Myron','Russel','1977-06-30T21:57:03-05:00','5',true),
('fe62d7f9-43ab-4d44-9a9d-e4cea28343fc','636bca16-31f1-4ca3-90d2-626bb4066640','Jaren','Russel','1997-09-05T00:22:05-05:00','2',true),
('f8b9aece-140a-44a4-bdb2-db43a015bb96','636bca16-31f1-4ca3-90d2-626bb4066640','Jacinto','Russel','1976-03-29T05:38:33-06:00','5',true),
('1ed4e31a-b493-45a1-adfe-857869edee38','636bca16-31f1-4ca3-90d2-626bb4066640','Rosalia','Russel','1987-03-15T05:43:42-06:00','N',true),
('307c56f2-6798-440a-9186-c8ebcf6c9373','8cabb7f8-4088-41cf-8a76-1b793b251acd','Margarett','Mante','2002-05-10T21:35:16-05:00','N',true),
('588245e9-1be7-4e8d-8951-b70c295bbc07','df590a5e-b1d2-40ae-8c3e-fb12b4a50018','Harold','Krajcik','2008-12-14T17:19:49-06:00','5',false),
('18106709-6293-420a-a3ad-38a4ab705d28','7cffb58f-c87a-49ba-98ac-135017c4c67b','Greta','Kunde','1987-11-06T16:06:32-06:00','7',true),
('462af26a-7aad-4a50-b1c1-387d56dd4ff0','7cffb58f-c87a-49ba-98ac-135017c4c67b','Emilie','Kunde','1986-04-17T12:19:17-06:00','7',true),
('02ae91bb-e510-4b4b-9e79-311e7dcbd2b5','995eddec-3e3a-4d08-8a8f-f11d355bc0d7','Morgan','Wilkinson','1980-09-11T21:50:29-05:00','1',true),
('7ba25dbc-95dc-44cb-89ba-3e88f9eac202','995eddec-3e3a-4d08-8a8f-f11d355bc0d7','Demarco','Wilkinson','1988-10-07T13:49:05-05:00','4',false),
('18ccd6fe-5816-43fa-87da-a73b45c22a84','6ded2220-60c4-470f-8285-ef1b98db2173','Everette','Frami','1978-05-05T15:04:10-05:00','1',true),
('5ffe570e-0ef5-4cc2-a09c-d68cd75c2423','aa8ca058-2e8f-41db-aafc-5ac755b3805f','Gerda','Turner','1994-08-19T03:02:52-05:00','2',false),
('4b89510e-1ea0-4b85-a4d1-53a96d52c6b3','70e884e4-5bed-4e7b-9361-106a266a86c1','Dorian','Hermiston','2013-01-24T09:52:01-06:00','2',false),
('d2f81fcb-14e9-491f-b1c2-3bac180efacb','70e884e4-5bed-4e7b-9361-106a266a86c1','Marcelle','Hermiston','1988-03-23T06:29:13-06:00','7',false),
('3b24444d-a411-4bfc-87f3-7c1b187e02c2','70e884e4-5bed-4e7b-9361-106a266a86c1','Charley','Hermiston','1979-05-04T11:01:40-05:00','5',true),
('c5130dac-dcc2-4d8c-8a9e-1ac290a317d2','a4928cfb-8161-4f64-9f80-0a5c5e7f7caf','Deonte','Feil','2012-06-10T05:33:52-05:00','6',false),
('93a8237b-e149-4f30-971d-1352c88dfa6d','78dd58cb-2d09-4155-8cf8-8e1452ea4c04','Elenora','Pfannerstill','2007-09-30T03:39:47-05:00','7',false),
('3934d75c-2787-4632-aaaa-fc1cef42a552','a4eeea49-b24d-484c-9676-9830001dfa2c','Sherwood','Rogahn','1998-07-25T00:09:41-05:00','1',true),
('66f8dba9-aeb4-4310-af7f-4ba3de93b702','744ae928-0c83-464a-8c91-99f95e3e3bc0','Annabel','Lang','1971-10-26T10:36:50-05:00','N',true),
('6c02236c-e901-4de7-be34-a0c240365296','744ae928-0c83-464a-8c91-99f95e3e3bc0','Keyshawn','Lang','1996-04-26T13:09:11-05:00','3',true),
('b41b704a-c364-4223-aefe-43c706de92b0','744ae928-0c83-464a-8c91-99f95e3e3bc0','Gretchen','Lang','1983-03-29T20:40:12-06:00','N',true),
('7240501d-72bc-4c36-878e-cec77f6b7371','744ae928-0c83-464a-8c91-99f95e3e3bc0','Rowena','Lang','1984-05-09T02:00:47-05:00','1',true),
('e9b921a4-9ee2-42d2-8471-7600ecb48836','a1c98665-07c7-425c-ba9f-852b0c094357','Demarcus','Daniel','2006-02-01T17:29:37-06:00','1',false),
('df7e75d3-2eb8-4306-93f6-45ff3c2ca3a2','a1c98665-07c7-425c-ba9f-852b0c094357','Cathrine','Daniel','1978-06-13T17:35:45-05:00','1',true),
('56800048-48d7-4d77-8010-a82581600c39','a1c98665-07c7-425c-ba9f-852b0c094357','Rhoda','Daniel','2010-12-28T18:35:52-06:00','6',false),
('98318a8e-4f53-40e8-ac8d-87c06ab14674','a1c98665-07c7-425c-ba9f-852b0c094357','Nedra','Daniel','2016-01-09T00:45:38-06:00','3',true),
('9def5069-d85e-4b50-8891-213c0948b6d4','51dc3036-f114-4bda-97c5-dbcd97173bc6','Norris','Feeney','1988-04-20T03:28:12-05:00','3',true),
('96c3da52-bd06-4bbd-a949-7efaa070fb21','51dc3036-f114-4bda-97c5-dbcd97173bc6','Maudie','Feeney','1973-09-01T03:35:03-05:00','3',true),
('7452599c-eb35-4b29-9b6e-a6bd580b9d07','51dc3036-f114-4bda-97c5-dbcd97173bc6','Cary','Feeney','1999-01-17T10:53:03-06:00','1',false),
('66331a81-8db7-4ddb-af32-b5658efac7f1','51dc3036-f114-4bda-97c5-dbcd97173bc6','Dejon','Feeney','1997-05-13T19:36:36-05:00','7',true),
('5cdc49d5-335d-49a1-ab00-805953eefc0e','e7c39566-4005-4df3-b538-93d9be5a0fcf','Mollie','Keebler','1971-06-23T23:01:22-05:00','2',true),
('d4b713c1-dd7f-48f5-aa3d-efc82407c8c2','e7c39566-4005-4df3-b538-93d9be5a0fcf','Monserrat','Keebler','1988-04-06T11:05:27-05:00','7',true),
('4bc7eeb8-52cc-4ffa-9e4a-93da6da7224a','e7c39566-4005-4df3-b538-93d9be5a0fcf','Breanne','Keebler','1982-02-13T19:25:19-06:00','7',true),
('43961210-cda4-489a-a1a4-67f4a59072bc','e7c39566-4005-4df3-b538-93d9be5a0fcf','Yvette','Keebler','2000-09-05T14:05:01-05:00','7',true),
('279e1008-8354-4800-b3fc-54850cd8d0d2','5d8c33d1-f16f-47c5-9985-356fed0c2e37','Dahlia','Auer','2012-08-05T11:50:17-05:00','3',true),
('9daf43e7-886c-4e30-81d1-481337a8eb9c','5d8c33d1-f16f-47c5-9985-356fed0c2e37','John','Auer','2000-04-28T04:25:28-05:00','1',false),
('c1ff4d13-8ef7-477f-b905-b0bd502ab498','5d8c33d1-f16f-47c5-9985-356fed0c2e37','Virginia','Auer','1987-11-06T15:32:10-06:00','6',false),
('b9445c30-b785-497b-93af-4c6bb2ddcba8','5d8c33d1-f16f-47c5-9985-356fed0c2e37','Kenna','Auer','1992-01-10T05:58:09-06:00','7',false),
('93a4b63b-0491-4725-b57f-d902fc1e7954','28170219-52e4-43e6-9253-322ca96f3af9','Mozelle','Emmerich','2015-08-12T19:31:37-05:00','5',true),
('8b410802-56d5-46a4-9d91-175a8ef1a18c','28170219-52e4-43e6-9253-322ca96f3af9','Donnie','Emmerich','2005-05-09T23:38:10-05:00','5',true),
('3621468b-ff7d-4f37-9d56-4572fe866e2d','20228012-0de3-4f41-a611-02ca2155e96d','Aidan','Powlowski','1976-08-07T20:36:55-05:00','1',true),
('4a4a294a-b8b8-475d-b157-263ff9c93143','20228012-0de3-4f41-a611-02ca2155e96d','Emely','Powlowski','1973-04-05T12:45:52-06:00','2',true),
('36cf1269-6040-4309-b55b-46ef47a6fd0f','20228012-0de3-4f41-a611-02ca2155e96d','Elias','Powlowski','2002-06-10T14:27:38-05:00','4',true),
('503a62f2-eb53-4113-8f4a-d3fee4d288fe','09aacddb-2923-4405-9a0a-ae780331de4c','Helen','Lang','1992-02-19T19:57:17-06:00','5',true),
('65d0dd79-dd13-4198-969c-a397929ab283','09aacddb-2923-4405-9a0a-ae780331de4c','Aric','Lang','1972-11-18T21:36:21-06:00','7',true),
('67d132cd-9f1b-4980-a7ab-555ff667ef32','173af177-df5e-48da-a4eb-51278430fac9','Bartholome','McGlynn','1999-11-22T17:16:52-06:00','7',false),
('5d85e1d5-7095-4ae8-b728-2818e433e41f','173af177-df5e-48da-a4eb-51278430fac9','Mathilde','McGlynn','1982-09-24T02:14:09-05:00','5',true),
('510e990b-1e55-48f9-8977-9624a16a9841','aa757640-217f-485b-8944-d6b51f896754','Osbaldo','Ziemann','1986-08-05T23:27:44-05:00','2',true),
('8108f6ad-cce6-4a2e-93b3-b5fa40a3908c','b0fe3cf8-d3dd-4b54-a846-2e79827f5d66','Monique','Gottlieb','1982-04-14T05:57:06-06:00','4',true),
('fd0ee6cb-a400-4c33-8761-5cce6ca8a043','b0fe3cf8-d3dd-4b54-a846-2e79827f5d66','Amira','Gottlieb','2000-02-28T00:54:13-06:00','N',false),
('9ed9e4ac-bc7d-420c-8682-8b0ad983b61c','b0fe3cf8-d3dd-4b54-a846-2e79827f5d66','Thomas','Gottlieb','1996-01-29T09:38:53-06:00','7',true),
('46a4876e-eee3-42cb-a300-41b8c79b0f29','b0fe3cf8-d3dd-4b54-a846-2e79827f5d66','Amely','Gottlieb','2013-06-23T03:03:49-05:00','1',true),
('d26d6ea0-a09a-42b9-8662-1c9460b50ac9','bd5c8895-2c89-4795-9460-377431a6ab27','Gonzalo','Kirlin','1972-01-12T23:32:44-06:00','2',true)
